0,Bird_1,7,33,1,BirdState.ATTACKING,10,10,None
0,Bird_2,80,20,1,BirdState.ATTACKING,10,10,None
0,Bird_3,29,0,1,BirdState.ATTACKING,10,10,None
0,Bird_4,86,15,1,BirdState.ATTACKING,10,10,None
0,Bird_5,33,58,1,BirdState.ATTACKING,10,10,None
0,Bird_6,97,22,1,BirdState.ATTACKING,10,10,None
0,Bird_7,21,18,1,BirdState.ATTACKING,10,10,None
0,Bird_8,9,33,1,BirdState.ATTACKING,10,10,None
1,Bird_1,8,32,1,BirdState.ATTACKING,10,10,birMover
1,Bird_2,79,19,1,BirdState.ATTACKING,10,10,birMover
1,Bird_3,28,1,1,BirdState.ATTACKING,10,10,birMover
1,Bird_4,85,14,1,BirdState.ATTACKING,10,10,birMover
1,Bird_5,32,57,1,BirdState.ATTACKING,10,10,birMover
1,Bird_6,96,21,1,BirdState.ATTACKING,10,10,birMover
1,Bird_7,20,17,1,BirdState.ATTACKING,10,10,birMover
1,Bird_8,10,32,1,BirdState.ATTACKING,10,10,birMover
2,Bird_1,9,31,1,BirdState.ATTACKING,10,10,birMover
2,Bird_2,78,18,1,BirdState.ATTACKING,10,10,birMover
2,Bird_3,27,2,1,BirdState.ATTACKING,10,10,birMover
2,Bird_4,84,13,1,BirdState.ATTACKING,10,10,birMover
2,Bird_5,31,56,1,BirdState.ATTACKING,10,10,birMover
2,Bird_6,95,20,1,BirdState.ATTACKING,10,10,birMover
2,Bird_7,19,16,1,BirdState.ATTACKING,10,10,birMover
2,Bird_8,10,31,1,BirdState.ATTACKING,10,10,birMover
3,Bird_1,10,30,1,BirdState.ATTACKING,10,10,birMover
3,Bird_2,77,17,1,BirdState.ATTACKING,10,10,birMover
3,Bird_3,26,3,1,BirdState.ATTACKING,10,10,birMover
3,Bird_4,83,12,1,BirdState.ATTACKING,10,10,birMover
3,Bird_5,30,55,1,BirdState.ATTACKING,10,10,birMover
3,Bird_6,94,19,1,BirdState.ATTACKING,10,10,birMover
3,Bird_7,18,15,1,BirdState.ATTACKING,10,10,birMover
3,Bird_8,10,30,1,BirdState.ATTACKING,10,10,birMover
4,Bird_1,10,29,1,BirdState.ATTACKING,10,10,birMover
4,Bird_2,76,16,1,BirdState.ATTACKING,10,10,birMover
4,Bird_3,25,4,1,BirdState.ATTACKING,10,10,birMover
4,Bird_4,82,11,1,BirdState.ATTACKING,10,10,birMover
4,Bird_5,29,54,1,BirdState.ATTACKING,10,10,birMover
4,Bird_6,93,18,1,BirdState.ATTACKING,10,10,birMover
4,Bird_7,17,14,1,BirdState.ATTACKING,10,10,birMover
4,Bird_8,10,29,1,BirdState.ATTACKING,10,10,birMover
5,Bird_1,10,28,1,BirdState.ATTACKING,10,10,birMover
5,Bird_2,75,15,1,BirdState.ATTACKING,10,10,birMover
5,Bird_3,24,5,1,BirdState.ATTACKING,10,10,birMover
5,Bird_4,81,10,1,BirdState.ATTACKING,10,10,birMover
5,Bird_5,28,53,1,BirdState.ATTACKING,10,10,birMover
5,Bird_6,92,17,1,BirdState.ATTACKING,10,10,birMover
5,Bird_7,16,13,1,BirdState.ATTACKING,10,10,birMover
5,Bird_8,10,28,1,BirdState.ATTACKING,10,10,birMover
6,Bird_1,10,27,1,BirdState.ATTACKING,10,10,birMover
6,Bird_2,74,14,1,BirdState.ATTACKING,10,10,birMover
6,Bird_3,23,6,1,BirdState.ATTACKING,10,10,birMover
6,Bird_4,80,10,1,BirdState.ATTACKING,10,10,birMover
6,Bird_5,27,52,1,BirdState.ATTACKING,10,10,birMover
6,Bird_6,91,16,1,BirdState.ATTACKING,10,10,birMover
6,Bird_7,15,12,1,BirdState.ATTACKING,10,10,birMover
6,Bird_8,10,27,1,BirdState.ATTACKING,10,10,birMover
7,Bird_1,10,26,1,BirdState.ATTACKING,10,10,birMover
7,Bird_2,73,13,1,BirdState.ATTACKING,10,10,birMover
7,Bird_3,22,7,1,BirdState.ATTACKING,10,10,birMover
7,Bird_4,79,10,1,BirdState.ATTACKING,10,10,birMover
7,Bird_5,26,51,1,BirdState.ATTACKING,10,10,birMover
7,Bird_6,90,15,1,BirdState.ATTACKING,10,10,birMover
7,Bird_7,14,11,1,BirdState.ATTACKING,10,10,birMover
7,Bird_8,10,26,1,BirdState.ATTACKING,10,10,birMover
8,Bird_1,10,25,1,BirdState.ATTACKING,10,10,birMover
8,Bird_2,72,12,1,BirdState.ATTACKING,10,10,birMover
8,Bird_3,21,8,1,BirdState.ATTACKING,10,10,birMover
8,Bird_4,78,10,1,BirdState.ATTACKING,10,10,birMover
8,Bird_5,25,50,1,BirdState.ATTACKING,10,10,birMover
8,Bird_6,89,14,1,BirdState.ATTACKING,10,10,birMover
8,Bird_7,13,10,1,BirdState.ATTACKING,10,10,birMover
8,Bird_8,10,25,1,BirdState.ATTACKING,10,10,birMover
9,Bird_1,10,24,1,BirdState.ATTACKING,10,10,birMover
9,Bird_2,71,11,1,BirdState.ATTACKING,10,10,birMover
9,Bird_3,20,9,1,BirdState.ATTACKING,10,10,birMover
9,Bird_4,77,10,1,BirdState.ATTACKING,10,10,birMover
9,Bird_5,24,49,1,BirdState.ATTACKING,10,10,birMover
9,Bird_6,88,13,1,BirdState.ATTACKING,10,10,birMover
9,Bird_7,12,10,1,BirdState.ATTACKING,10,10,birMover
9,Bird_8,10,24,1,BirdState.ATTACKING,10,10,birMover
10,Bird_1,10,23,1,BirdState.ATTACKING,10,10,birMover
10,Bird_2,70,10,1,BirdState.ATTACKING,10,10,birMover
10,Bird_3,19,10,1,BirdState.ATTACKING,10,10,birMover
10,Bird_4,76,10,1,BirdState.ATTACKING,10,10,birMover
10,Bird_5,23,48,1,BirdState.ATTACKING,10,10,birMover
10,Bird_6,87,12,1,BirdState.ATTACKING,10,10,birMover
10,Bird_7,11,10,1,BirdState.ATTACKING,10,10,birMover
10,Bird_8,10,23,1,BirdState.ATTACKING,10,10,birMover
11,Bird_1,10,22,1,BirdState.ATTACKING,10,10,birMover
11,Bird_2,69,10,1,BirdState.ATTACKING,10,10,birMover
11,Bird_3,18,10,1,BirdState.ATTACKING,10,10,birMover
11,Bird_4,75,10,1,BirdState.ATTACKING,10,10,birMover
11,Bird_5,22,47,1,BirdState.ATTACKING,10,10,birMover
11,Bird_6,86,11,1,BirdState.ATTACKING,10,10,birMover
11,Bird_7,10,10,1,BirdState.IDLE,10,10,birMover
11,Bird_8,10,22,1,BirdState.ATTACKING,10,10,birMover
12,Bird_1,10,21,1,BirdState.ATTACKING,10,10,birMover
12,Bird_2,68,10,1,BirdState.ATTACKING,10,10,birMover
12,Bird_3,17,10,1,BirdState.ATTACKING,10,10,birMover
12,Bird_4,74,10,1,BirdState.ATTACKING,10,10,birMover
12,Bird_5,21,46,1,BirdState.ATTACKING,10,10,birMover
12,Bird_6,85,10,1,BirdState.ATTACKING,10,10,birMover
12,Bird_7,10,10,1,BirdState.IDLE,10,10,birMover
12,Bird_8,10,21,1,BirdState.ATTACKING,10,10,birMover
13,Bird_1,10,20,1,BirdState.ATTACKING,10,10,birMover
13,Bird_2,67,10,1,BirdState.ATTACKING,10,10,birMover
13,Bird_3,16,10,1,BirdState.ATTACKING,10,10,birMover
13,Bird_4,73,10,1,BirdState.ATTACKING,10,10,birMover
13,Bird_5,20,45,1,BirdState.ATTACKING,10,10,birMover
13,Bird_6,84,10,1,BirdState.ATTACKING,10,10,birMover
13,Bird_7,10,10,1,BirdState.IDLE,10,10,birMover
13,Bird_8,10,20,1,BirdState.ATTACKING,10,10,birMover
14,Bird_1,10,19,1,BirdState.ATTACKING,10,10,birMover
14,Bird_2,66,10,1,BirdState.ATTACKING,10,10,birMover
14,Bird_3,15,10,1,BirdState.ATTACKING,10,10,birMover
14,Bird_4,72,10,1,BirdState.ATTACKING,10,10,birMover
14,Bird_5,19,44,1,BirdState.ATTACKING,10,10,birMover
14,Bird_6,83,10,1,BirdState.ATTACKING,10,10,birMover
14,Bird_7,10,10,1,BirdState.IDLE,10,10,birMover
14,Bird_8,10,19,1,BirdState.ATTACKING,10,10,birMover
15,Bird_1,10,18,1,BirdState.ATTACKING,10,10,birMover
15,Bird_2,65,10,1,BirdState.ATTACKING,10,10,birMover
15,Bird_3,14,10,1,BirdState.ATTACKING,10,10,birMover
15,Bird_4,71,10,1,BirdState.ATTACKING,10,10,birMover
15,Bird_5,18,43,1,BirdState.ATTACKING,10,10,birMover
15,Bird_6,82,10,1,BirdState.ATTACKING,10,10,birMover
15,Bird_7,10,10,1,BirdState.IDLE,10,10,birMover
15,Bird_8,10,18,1,BirdState.ATTACKING,10,10,birMover
16,Bird_1,10,17,1,BirdState.ATTACKING,10,10,birMover
16,Bird_2,64,10,1,BirdState.ATTACKING,10,10,birMover
16,Bird_3,13,10,1,BirdState.ATTACKING,10,10,birMover
16,Bird_4,70,10,1,BirdState.ATTACKING,10,10,birMover
16,Bird_5,17,42,1,BirdState.ATTACKING,10,10,birMover
16,Bird_6,81,10,1,BirdState.ATTACKING,10,10,birMover
16,Bird_7,10,10,1,BirdState.IDLE,10,10,birMover
16,Bird_8,10,17,1,BirdState.ATTACKING,10,10,birMover
17,Bird_1,10,16,1,BirdState.ATTACKING,10,10,birMover
17,Bird_2,63,10,1,BirdState.ATTACKING,10,10,birMover
17,Bird_3,12,10,1,BirdState.ATTACKING,10,10,birMover
17,Bird_4,69,10,1,BirdState.ATTACKING,10,10,birMover
17,Bird_5,16,41,1,BirdState.ATTACKING,10,10,birMover
17,Bird_6,80,10,1,BirdState.ATTACKING,10,10,birMover
17,Bird_7,10,10,1,BirdState.IDLE,10,10,birMover
17,Bird_8,10,16,1,BirdState.ATTACKING,10,10,birMover
18,Bird_1,10,15,1,BirdState.ATTACKING,10,10,birMover
18,Bird_2,62,10,1,BirdState.ATTACKING,10,10,birMover
18,Bird_3,11,10,1,BirdState.ATTACKING,10,10,birMover
18,Bird_4,68,10,1,BirdState.ATTACKING,10,10,birMover
18,Bird_5,15,40,1,BirdState.ATTACKING,10,10,birMover
18,Bird_6,79,10,1,BirdState.ATTACKING,10,10,birMover
18,Bird_7,10,10,1,BirdState.IDLE,10,10,birMover
18,Bird_8,10,15,1,BirdState.ATTACKING,10,10,birMover
19,Bird_1,10,14,1,BirdState.ATTACKING,10,10,birMover
19,Bird_2,61,10,1,BirdState.ATTACKING,10,10,birMover
19,Bird_3,10,10,1,BirdState.IDLE,10,10,birMover
19,Bird_4,67,10,1,BirdState.ATTACKING,10,10,birMover
19,Bird_5,14,39,1,BirdState.ATTACKING,10,10,birMover
19,Bird_6,78,10,1,BirdState.ATTACKING,10,10,birMover
19,Bird_7,10,10,1,BirdState.IDLE,10,10,birMover
19,Bird_8,10,14,1,BirdState.ATTACKING,10,10,birMover
20,Bird_1,10,13,1,BirdState.ATTACKING,10,10,birMover
20,Bird_2,60,10,1,BirdState.ATTACKING,10,10,birMover
20,Bird_3,10,10,1,BirdState.IDLE,10,10,birMover
20,Bird_4,66,10,1,BirdState.ATTACKING,10,10,birMover
20,Bird_5,13,38,1,BirdState.ATTACKING,10,10,birMover
20,Bird_6,77,10,1,BirdState.ATTACKING,10,10,birMover
20,Bird_7,10,10,1,BirdState.IDLE,10,10,birMover
20,Bird_8,10,13,1,BirdState.ATTACKING,10,10,birMover
21,Bird_1,10,12,1,BirdState.ATTACKING,10,10,birMover
21,Bird_2,59,10,1,BirdState.ATTACKING,10,10,birMover
21,Bird_3,10,10,1,BirdState.IDLE,10,10,birMover
21,Bird_4,65,10,1,BirdState.ATTACKING,10,10,birMover
21,Bird_5,12,37,1,BirdState.ATTACKING,10,10,birMover
21,Bird_6,76,10,1,BirdState.ATTACKING,10,10,birMover
21,Bird_7,10,10,1,BirdState.IDLE,10,10,birMover
21,Bird_8,10,12,1,BirdState.ATTACKING,10,10,birMover
22,Bird_1,10,11,1,BirdState.ATTACKING,10,10,birMover
22,Bird_2,58,10,1,BirdState.ATTACKING,10,10,birMover
22,Bird_3,10,10,1,BirdState.IDLE,10,10,birMover
22,Bird_4,64,10,1,BirdState.ATTACKING,10,10,birMover
22,Bird_5,11,36,1,BirdState.ATTACKING,10,10,birMover
22,Bird_6,75,10,1,BirdState.ATTACKING,10,10,birMover
22,Bird_7,10,10,1,BirdState.IDLE,10,10,birMover
22,Bird_8,10,11,1,BirdState.ATTACKING,10,10,birMover
23,Bird_1,10,10,1,BirdState.IDLE,10,10,birMover
23,Bird_2,57,10,1,BirdState.ATTACKING,10,10,birMover
23,Bird_3,10,10,1,BirdState.IDLE,10,10,birMover
23,Bird_4,63,10,1,BirdState.ATTACKING,10,10,birMover
23,Bird_5,10,35,1,BirdState.ATTACKING,10,10,birMover
23,Bird_6,74,10,1,BirdState.ATTACKING,10,10,birMover
23,Bird_7,10,10,1,BirdState.IDLE,10,10,birMover
23,Bird_8,10,10,1,BirdState.IDLE,10,10,birMover
24,Bird_1,10,10,1,BirdState.IDLE,10,10,birMover
24,Bird_2,56,10,1,BirdState.ATTACKING,10,10,birMover
24,Bird_3,10,10,1,BirdState.IDLE,10,10,birMover
24,Bird_4,62,10,1,BirdState.ATTACKING,10,10,birMover
24,Bird_5,10,34,1,BirdState.ATTACKING,10,10,birMover
24,Bird_6,73,10,1,BirdState.ATTACKING,10,10,birMover
24,Bird_7,10,10,1,BirdState.IDLE,10,10,birMover
24,Bird_8,10,10,1,BirdState.IDLE,10,10,birMover
25,Bird_1,10,10,1,BirdState.IDLE,10,10,birMover
25,Bird_2,55,10,1,BirdState.ATTACKING,10,10,birMover
25,Bird_3,10,10,1,BirdState.IDLE,10,10,birMover
25,Bird_4,61,10,1,BirdState.ATTACKING,10,10,birMover
25,Bird_5,10,33,1,BirdState.ATTACKING,10,10,birMover
25,Bird_6,72,10,1,BirdState.ATTACKING,10,10,birMover
25,Bird_7,10,10,1,BirdState.IDLE,10,10,birMover
25,Bird_8,10,10,1,BirdState.IDLE,10,10,birMover
26,Bird_1,10,10,1,BirdState.IDLE,10,10,birMover
26,Bird_2,54,10,1,BirdState.ATTACKING,10,10,birMover
26,Bird_3,10,10,1,BirdState.IDLE,10,10,birMover
26,Bird_4,60,10,1,BirdState.ATTACKING,10,10,birMover
26,Bird_5,10,32,1,BirdState.ATTACKING,10,10,birMover
26,Bird_6,71,10,1,BirdState.ATTACKING,10,10,birMover
26,Bird_7,10,10,1,BirdState.IDLE,10,10,birMover
26,Bird_8,10,10,1,BirdState.IDLE,10,10,birMover
27,Bird_1,10,10,1,BirdState.IDLE,10,10,birMover
27,Bird_2,53,10,1,BirdState.ATTACKING,10,10,birMover
27,Bird_3,10,10,1,BirdState.IDLE,10,10,birMover
27,Bird_4,59,10,1,BirdState.ATTACKING,10,10,birMover
27,Bird_5,10,31,1,BirdState.ATTACKING,10,10,birMover
27,Bird_6,70,10,1,BirdState.ATTACKING,10,10,birMover
27,Bird_7,10,10,1,BirdState.IDLE,10,10,birMover
27,Bird_8,10,10,1,BirdState.IDLE,10,10,birMover
28,Bird_1,10,10,1,BirdState.IDLE,10,10,birMover
28,Bird_2,52,10,1,BirdState.ATTACKING,10,10,birMover
28,Bird_3,10,10,1,BirdState.IDLE,10,10,birMover
28,Bird_4,58,10,1,BirdState.ATTACKING,10,10,birMover
28,Bird_5,10,30,1,BirdState.ATTACKING,10,10,birMover
28,Bird_6,69,10,1,BirdState.ATTACKING,10,10,birMover
28,Bird_7,10,10,1,BirdState.IDLE,10,10,birMover
28,Bird_8,10,10,1,BirdState.IDLE,10,10,birMover
29,Bird_1,10,10,1,BirdState.IDLE,10,10,birMover
29,Bird_2,51,10,1,BirdState.ATTACKING,10,10,birMover
29,Bird_3,10,10,1,BirdState.IDLE,10,10,birMover
29,Bird_4,57,10,1,BirdState.ATTACKING,10,10,birMover
29,Bird_5,10,29,1,BirdState.ATTACKING,10,10,birMover
29,Bird_6,68,10,1,BirdState.ATTACKING,10,10,birMover
29,Bird_7,10,10,1,BirdState.IDLE,10,10,birMover
29,Bird_8,10,10,1,BirdState.IDLE,10,10,birMover
30,Bird_1,10,10,1,BirdState.IDLE,10,10,birMover
30,Bird_2,50,10,1,BirdState.ATTACKING,10,10,birMover
30,Bird_3,10,10,1,BirdState.IDLE,10,10,birMover
30,Bird_4,56,10,1,BirdState.ATTACKING,10,10,birMover
30,Bird_5,10,28,1,BirdState.ATTACKING,10,10,birMover
30,Bird_6,67,10,1,BirdState.ATTACKING,10,10,birMover
30,Bird_7,10,10,1,BirdState.IDLE,10,10,birMover
30,Bird_8,10,10,1,BirdState.IDLE,10,10,birMover
31,Bird_1,10,10,1,BirdState.IDLE,10,10,birMover
31,Bird_2,49,10,1,BirdState.ATTACKING,10,10,birMover
31,Bird_3,10,10,1,BirdState.IDLE,10,10,birMover
31,Bird_4,55,10,1,BirdState.ATTACKING,10,10,birMover
31,Bird_5,10,27,1,BirdState.ATTACKING,10,10,birMover
31,Bird_6,66,10,1,BirdState.ATTACKING,10,10,birMover
31,Bird_7,10,10,1,BirdState.IDLE,10,10,birMover
31,Bird_8,10,10,1,BirdState.IDLE,10,10,birMover
32,Bird_1,10,10,1,BirdState.IDLE,10,10,birMover
32,Bird_2,48,10,1,BirdState.ATTACKING,10,10,birMover
32,Bird_3,10,10,1,BirdState.IDLE,10,10,birMover
32,Bird_4,54,10,1,BirdState.ATTACKING,10,10,birMover
32,Bird_5,10,26,1,BirdState.ATTACKING,10,10,birMover
32,Bird_6,65,10,1,BirdState.ATTACKING,10,10,birMover
32,Bird_7,10,10,1,BirdState.IDLE,10,10,birMover
32,Bird_8,10,10,1,BirdState.IDLE,10,10,birMover
33,Bird_1,10,10,1,BirdState.IDLE,10,10,birMover
33,Bird_2,47,10,1,BirdState.ATTACKING,10,10,birMover
33,Bird_3,10,10,1,BirdState.IDLE,10,10,birMover
33,Bird_4,53,10,1,BirdState.ATTACKING,10,10,birMover
33,Bird_5,10,25,1,BirdState.ATTACKING,10,10,birMover
33,Bird_6,64,10,1,BirdState.ATTACKING,10,10,birMover
33,Bird_7,10,10,1,BirdState.IDLE,10,10,birMover
33,Bird_8,10,10,1,BirdState.IDLE,10,10,birMover
34,Bird_1,10,10,1,BirdState.IDLE,10,10,birMover
34,Bird_2,46,10,1,BirdState.ATTACKING,10,10,birMover
34,Bird_3,10,10,1,BirdState.IDLE,10,10,birMover
34,Bird_4,52,10,1,BirdState.ATTACKING,10,10,birMover
34,Bird_5,10,24,1,BirdState.ATTACKING,10,10,birMover
34,Bird_6,63,10,1,BirdState.ATTACKING,10,10,birMover
34,Bird_7,10,10,1,BirdState.IDLE,10,10,birMover
34,Bird_8,10,10,1,BirdState.IDLE,10,10,birMover
35,Bird_1,10,10,1,BirdState.IDLE,10,10,birMover
35,Bird_2,45,10,1,BirdState.ATTACKING,10,10,birMover
35,Bird_3,10,10,1,BirdState.IDLE,10,10,birMover
35,Bird_4,51,10,1,BirdState.ATTACKING,10,10,birMover
35,Bird_5,10,23,1,BirdState.ATTACKING,10,10,birMover
35,Bird_6,62,10,1,BirdState.ATTACKING,10,10,birMover
35,Bird_7,10,10,1,BirdState.IDLE,10,10,birMover
35,Bird_8,10,10,1,BirdState.IDLE,10,10,birMover
36,Bird_1,10,10,1,BirdState.IDLE,10,10,birMover
36,Bird_2,44,10,1,BirdState.ATTACKING,10,10,birMover
36,Bird_3,10,10,1,BirdState.IDLE,10,10,birMover
36,Bird_4,50,10,1,BirdState.ATTACKING,10,10,birMover
36,Bird_5,10,22,1,BirdState.ATTACKING,10,10,birMover
36,Bird_6,61,10,1,BirdState.ATTACKING,10,10,birMover
36,Bird_7,10,10,1,BirdState.IDLE,10,10,birMover
36,Bird_8,10,10,1,BirdState.IDLE,10,10,birMover
37,Bird_1,10,10,1,BirdState.IDLE,10,10,birMover
37,Bird_2,43,10,1,BirdState.ATTACKING,10,10,birMover
37,Bird_3,10,10,1,BirdState.IDLE,10,10,birMover
37,Bird_4,49,10,1,BirdState.ATTACKING,10,10,birMover
37,Bird_5,10,21,1,BirdState.ATTACKING,10,10,birMover
37,Bird_6,60,10,1,BirdState.ATTACKING,10,10,birMover
37,Bird_7,10,10,1,BirdState.IDLE,10,10,birMover
37,Bird_8,10,10,1,BirdState.IDLE,10,10,birMover
38,Bird_1,10,10,1,BirdState.IDLE,10,10,birMover
38,Bird_2,42,10,1,BirdState.ATTACKING,10,10,birMover
38,Bird_3,10,10,1,BirdState.IDLE,10,10,birMover
38,Bird_4,48,10,1,BirdState.ATTACKING,10,10,birMover
38,Bird_5,10,20,1,BirdState.ATTACKING,10,10,birMover
38,Bird_6,59,10,1,BirdState.ATTACKING,10,10,birMover
38,Bird_7,10,10,1,BirdState.IDLE,10,10,birMover
38,Bird_8,10,10,1,BirdState.IDLE,10,10,birMover
39,Bird_1,10,10,1,BirdState.IDLE,10,10,birMover
39,Bird_2,41,10,1,BirdState.ATTACKING,10,10,birMover
39,Bird_3,10,10,1,BirdState.IDLE,10,10,birMover
39,Bird_4,47,10,1,BirdState.ATTACKING,10,10,birMover
39,Bird_5,10,19,1,BirdState.ATTACKING,10,10,birMover
39,Bird_6,58,10,1,BirdState.ATTACKING,10,10,birMover
39,Bird_7,10,10,1,BirdState.IDLE,10,10,birMover
39,Bird_8,10,10,1,BirdState.IDLE,10,10,birMover
40,Bird_1,10,10,1,BirdState.IDLE,10,10,birMover
40,Bird_2,40,10,1,BirdState.ATTACKING,10,10,birMover
40,Bird_3,10,10,1,BirdState.IDLE,10,10,birMover
40,Bird_4,46,10,1,BirdState.ATTACKING,10,10,birMover
40,Bird_5,10,18,1,BirdState.ATTACKING,10,10,birMover
40,Bird_6,57,10,1,BirdState.ATTACKING,10,10,birMover
40,Bird_7,10,10,1,BirdState.IDLE,10,10,birMover
40,Bird_8,10,10,1,BirdState.IDLE,10,10,birMover
41,Bird_1,10,10,1,BirdState.IDLE,10,10,birMover
41,Bird_2,39,10,1,BirdState.ATTACKING,10,10,birMover
41,Bird_3,10,10,1,BirdState.IDLE,10,10,birMover
41,Bird_4,45,10,1,BirdState.ATTACKING,10,10,birMover
41,Bird_5,10,17,1,BirdState.ATTACKING,10,10,birMover
41,Bird_6,56,10,1,BirdState.ATTACKING,10,10,birMover
41,Bird_7,10,10,1,BirdState.IDLE,10,10,birMover
41,Bird_8,10,10,1,BirdState.IDLE,10,10,birMover
42,Bird_1,10,10,1,BirdState.IDLE,10,10,birMover
42,Bird_2,38,10,1,BirdState.ATTACKING,10,10,birMover
42,Bird_3,10,10,1,BirdState.IDLE,10,10,birMover
42,Bird_4,44,10,1,BirdState.ATTACKING,10,10,birMover
42,Bird_5,10,16,1,BirdState.ATTACKING,10,10,birMover
42,Bird_6,55,10,1,BirdState.ATTACKING,10,10,birMover
42,Bird_7,10,10,1,BirdState.IDLE,10,10,birMover
42,Bird_8,10,10,1,BirdState.IDLE,10,10,birMover
43,Bird_1,10,10,1,BirdState.IDLE,10,10,birMover
43,Bird_2,37,10,1,BirdState.ATTACKING,10,10,birMover
43,Bird_3,10,10,1,BirdState.IDLE,10,10,birMover
43,Bird_4,43,10,1,BirdState.ATTACKING,10,10,birMover
43,Bird_5,10,15,1,BirdState.ATTACKING,10,10,birMover
43,Bird_6,54,10,1,BirdState.ATTACKING,10,10,birMover
43,Bird_7,10,10,1,BirdState.IDLE,10,10,birMover
43,Bird_8,10,10,1,BirdState.IDLE,10,10,birMover
44,Bird_1,10,10,1,BirdState.IDLE,10,10,birMover
44,Bird_2,36,10,1,BirdState.ATTACKING,10,10,birMover
44,Bird_3,10,10,1,BirdState.IDLE,10,10,birMover
44,Bird_4,42,10,1,BirdState.ATTACKING,10,10,birMover
44,Bird_5,10,14,1,BirdState.ATTACKING,10,10,birMover
44,Bird_6,53,10,1,BirdState.ATTACKING,10,10,birMover
44,Bird_7,10,10,1,BirdState.IDLE,10,10,birMover
44,Bird_8,10,10,1,BirdState.IDLE,10,10,birMover
45,Bird_1,10,10,1,BirdState.IDLE,10,10,birMover
45,Bird_2,35,10,1,BirdState.ATTACKING,10,10,birMover
45,Bird_3,10,10,1,BirdState.IDLE,10,10,birMover
45,Bird_4,41,10,1,BirdState.ATTACKING,10,10,birMover
45,Bird_5,10,13,1,BirdState.ATTACKING,10,10,birMover
45,Bird_6,52,10,1,BirdState.ATTACKING,10,10,birMover
45,Bird_7,10,10,1,BirdState.IDLE,10,10,birMover
45,Bird_8,10,10,1,BirdState.IDLE,10,10,birMover
46,Bird_1,10,10,1,BirdState.IDLE,10,10,birMover
46,Bird_2,34,10,1,BirdState.ATTACKING,10,10,birMover
46,Bird_3,10,10,1,BirdState.IDLE,10,10,birMover
46,Bird_4,40,10,1,BirdState.ATTACKING,10,10,birMover
46,Bird_5,10,12,1,BirdState.ATTACKING,10,10,birMover
46,Bird_6,51,10,1,BirdState.ATTACKING,10,10,birMover
46,Bird_7,10,10,1,BirdState.IDLE,10,10,birMover
46,Bird_8,10,10,1,BirdState.IDLE,10,10,birMover
47,Bird_1,10,10,1,BirdState.IDLE,10,10,birMover
47,Bird_2,33,10,1,BirdState.ATTACKING,10,10,birMover
47,Bird_3,10,10,1,BirdState.IDLE,10,10,birMover
47,Bird_4,39,10,1,BirdState.ATTACKING,10,10,birMover
47,Bird_5,10,11,1,BirdState.ATTACKING,10,10,birMover
47,Bird_6,50,10,1,BirdState.ATTACKING,10,10,birMover
47,Bird_7,10,10,1,BirdState.IDLE,10,10,birMover
47,Bird_8,10,10,1,BirdState.IDLE,10,10,birMover
48,Bird_1,10,10,1,BirdState.IDLE,10,10,birMover
48,Bird_2,32,10,1,BirdState.ATTACKING,10,10,birMover
48,Bird_3,10,10,1,BirdState.IDLE,10,10,birMover
48,Bird_4,38,10,1,BirdState.ATTACKING,10,10,birMover
48,Bird_5,10,10,1,BirdState.IDLE,10,10,birMover
48,Bird_6,49,10,1,BirdState.ATTACKING,10,10,birMover
48,Bird_7,10,10,1,BirdState.IDLE,10,10,birMover
48,Bird_8,10,10,1,BirdState.IDLE,10,10,birMover
49,Bird_1,10,10,1,BirdState.IDLE,10,10,birMover
49,Bird_2,31,10,1,BirdState.ATTACKING,10,10,birMover
49,Bird_3,10,10,1,BirdState.IDLE,10,10,birMover
49,Bird_4,37,10,1,BirdState.ATTACKING,10,10,birMover
49,Bird_5,10,10,1,BirdState.IDLE,10,10,birMover
49,Bird_6,48,10,1,BirdState.ATTACKING,10,10,birMover
49,Bird_7,10,10,1,BirdState.IDLE,10,10,birMover
49,Bird_8,10,10,1,BirdState.IDLE,10,10,birMover
50,Bird_1,10,10,1,BirdState.IDLE,10,10,birMover
50,Bird_2,30,10,1,BirdState.ATTACKING,10,10,birMover
50,Bird_3,10,10,1,BirdState.IDLE,10,10,birMover
50,Bird_4,36,10,1,BirdState.ATTACKING,10,10,birMover
50,Bird_5,10,10,1,BirdState.IDLE,10,10,birMover
50,Bird_6,47,10,1,BirdState.ATTACKING,10,10,birMover
50,Bird_7,10,10,1,BirdState.IDLE,10,10,birMover
50,Bird_8,10,10,1,BirdState.IDLE,10,10,birMover
51,Bird_1,10,10,1,BirdState.IDLE,10,10,birMover
51,Bird_2,29,10,1,BirdState.ATTACKING,10,10,birMover
51,Bird_3,10,10,1,BirdState.IDLE,10,10,birMover
51,Bird_4,35,10,1,BirdState.ATTACKING,10,10,birMover
51,Bird_5,10,10,1,BirdState.IDLE,10,10,birMover
51,Bird_6,46,10,1,BirdState.ATTACKING,10,10,birMover
51,Bird_7,10,10,1,BirdState.IDLE,10,10,birMover
51,Bird_8,10,10,1,BirdState.IDLE,10,10,birMover
52,Bird_1,10,10,1,BirdState.IDLE,10,10,birMover
52,Bird_2,28,10,1,BirdState.ATTACKING,10,10,birMover
52,Bird_3,10,10,1,BirdState.IDLE,10,10,birMover
52,Bird_4,34,10,1,BirdState.ATTACKING,10,10,birMover
52,Bird_5,10,10,1,BirdState.IDLE,10,10,birMover
52,Bird_6,45,10,1,BirdState.ATTACKING,10,10,birMover
52,Bird_7,10,10,1,BirdState.IDLE,10,10,birMover
52,Bird_8,10,10,1,BirdState.IDLE,10,10,birMover
53,Bird_1,10,10,1,BirdState.IDLE,10,10,birMover
53,Bird_2,27,10,1,BirdState.ATTACKING,10,10,birMover
53,Bird_3,10,10,1,BirdState.IDLE,10,10,birMover
53,Bird_4,33,10,1,BirdState.ATTACKING,10,10,birMover
53,Bird_5,10,10,1,BirdState.IDLE,10,10,birMover
53,Bird_6,44,10,1,BirdState.ATTACKING,10,10,birMover
53,Bird_7,10,10,1,BirdState.IDLE,10,10,birMover
53,Bird_8,10,10,1,BirdState.IDLE,10,10,birMover
54,Bird_1,10,10,1,BirdState.IDLE,10,10,birMover
54,Bird_2,26,10,1,BirdState.ATTACKING,10,10,birMover
54,Bird_3,10,10,1,BirdState.IDLE,10,10,birMover
54,Bird_4,32,10,1,BirdState.ATTACKING,10,10,birMover
54,Bird_5,10,10,1,BirdState.IDLE,10,10,birMover
54,Bird_6,43,10,1,BirdState.ATTACKING,10,10,birMover
54,Bird_7,10,10,1,BirdState.IDLE,10,10,birMover
54,Bird_8,10,10,1,BirdState.IDLE,10,10,birMover
55,Bird_1,10,10,1,BirdState.IDLE,10,10,birMover
55,Bird_2,25,10,1,BirdState.ATTACKING,10,10,birMover
55,Bird_3,10,10,1,BirdState.IDLE,10,10,birMover
55,Bird_4,31,10,1,BirdState.ATTACKING,10,10,birMover
55,Bird_5,10,10,1,BirdState.IDLE,10,10,birMover
55,Bird_6,42,10,1,BirdState.ATTACKING,10,10,birMover
55,Bird_7,10,10,1,BirdState.IDLE,10,10,birMover
55,Bird_8,10,10,1,BirdState.IDLE,10,10,birMover
56,Bird_1,10,10,1,BirdState.IDLE,10,10,birMover
56,Bird_2,24,10,1,BirdState.ATTACKING,10,10,birMover
56,Bird_3,10,10,1,BirdState.IDLE,10,10,birMover
56,Bird_4,30,10,1,BirdState.ATTACKING,10,10,birMover
56,Bird_5,10,10,1,BirdState.IDLE,10,10,birMover
56,Bird_6,41,10,1,BirdState.ATTACKING,10,10,birMover
56,Bird_7,10,10,1,BirdState.IDLE,10,10,birMover
56,Bird_8,10,10,1,BirdState.IDLE,10,10,birMover
57,Bird_1,10,10,1,BirdState.IDLE,10,10,birMover
57,Bird_2,23,10,1,BirdState.ATTACKING,10,10,birMover
57,Bird_3,10,10,1,BirdState.IDLE,10,10,birMover
57,Bird_4,29,10,1,BirdState.ATTACKING,10,10,birMover
57,Bird_5,10,10,1,BirdState.IDLE,10,10,birMover
57,Bird_6,40,10,1,BirdState.ATTACKING,10,10,birMover
57,Bird_7,10,10,1,BirdState.IDLE,10,10,birMover
57,Bird_8,10,10,1,BirdState.IDLE,10,10,birMover
58,Bird_1,10,10,1,BirdState.IDLE,10,10,birMover
58,Bird_2,22,10,1,BirdState.ATTACKING,10,10,birMover
58,Bird_3,10,10,1,BirdState.IDLE,10,10,birMover
58,Bird_4,28,10,1,BirdState.ATTACKING,10,10,birMover
58,Bird_5,10,10,1,BirdState.IDLE,10,10,birMover
58,Bird_6,39,10,1,BirdState.ATTACKING,10,10,birMover
58,Bird_7,10,10,1,BirdState.IDLE,10,10,birMover
58,Bird_8,10,10,1,BirdState.IDLE,10,10,birMover
59,Bird_1,10,10,1,BirdState.IDLE,10,10,birMover
59,Bird_2,21,10,1,BirdState.ATTACKING,10,10,birMover
59,Bird_3,10,10,1,BirdState.IDLE,10,10,birMover
59,Bird_4,27,10,1,BirdState.ATTACKING,10,10,birMover
59,Bird_5,10,10,1,BirdState.IDLE,10,10,birMover
59,Bird_6,38,10,1,BirdState.ATTACKING,10,10,birMover
59,Bird_7,10,10,1,BirdState.IDLE,10,10,birMover
59,Bird_8,10,10,1,BirdState.IDLE,10,10,birMover
60,Bird_1,10,10,1,BirdState.IDLE,10,10,birMover
60,Bird_2,20,10,1,BirdState.ATTACKING,10,10,birMover
60,Bird_3,10,10,1,BirdState.IDLE,10,10,birMover
60,Bird_4,26,10,1,BirdState.ATTACKING,10,10,birMover
60,Bird_5,10,10,1,BirdState.IDLE,10,10,birMover
60,Bird_6,37,10,1,BirdState.ATTACKING,10,10,birMover
60,Bird_7,10,10,1,BirdState.IDLE,10,10,birMover
60,Bird_8,10,10,1,BirdState.IDLE,10,10,birMover
61,Bird_1,10,10,1,BirdState.IDLE,10,10,birMover
61,Bird_2,19,10,1,BirdState.ATTACKING,10,10,birMover
61,Bird_3,10,10,1,BirdState.IDLE,10,10,birMover
61,Bird_4,25,10,1,BirdState.ATTACKING,10,10,birMover
61,Bird_5,10,10,1,BirdState.IDLE,10,10,birMover
61,Bird_6,36,10,1,BirdState.ATTACKING,10,10,birMover
61,Bird_7,10,10,1,BirdState.IDLE,10,10,birMover
61,Bird_8,10,10,1,BirdState.IDLE,10,10,birMover
62,Bird_1,10,10,1,BirdState.IDLE,10,10,birMover
62,Bird_2,18,10,1,BirdState.ATTACKING,10,10,birMover
62,Bird_3,10,10,1,BirdState.IDLE,10,10,birMover
62,Bird_4,24,10,1,BirdState.ATTACKING,10,10,birMover
62,Bird_5,10,10,1,BirdState.IDLE,10,10,birMover
62,Bird_6,35,10,1,BirdState.ATTACKING,10,10,birMover
62,Bird_7,10,10,1,BirdState.IDLE,10,10,birMover
62,Bird_8,10,10,1,BirdState.IDLE,10,10,birMover
63,Bird_1,10,10,1,BirdState.IDLE,10,10,birMover
63,Bird_2,17,10,1,BirdState.ATTACKING,10,10,birMover
63,Bird_3,10,10,1,BirdState.IDLE,10,10,birMover
63,Bird_4,23,10,1,BirdState.ATTACKING,10,10,birMover
63,Bird_5,10,10,1,BirdState.IDLE,10,10,birMover
63,Bird_6,34,10,1,BirdState.ATTACKING,10,10,birMover
63,Bird_7,10,10,1,BirdState.IDLE,10,10,birMover
63,Bird_8,10,10,1,BirdState.IDLE,10,10,birMover
64,Bird_1,10,10,1,BirdState.IDLE,10,10,birMover
64,Bird_2,16,10,1,BirdState.ATTACKING,10,10,birMover
64,Bird_3,10,10,1,BirdState.IDLE,10,10,birMover
64,Bird_4,22,10,1,BirdState.ATTACKING,10,10,birMover
64,Bird_5,10,10,1,BirdState.IDLE,10,10,birMover
64,Bird_6,33,10,1,BirdState.ATTACKING,10,10,birMover
64,Bird_7,10,10,1,BirdState.IDLE,10,10,birMover
64,Bird_8,10,10,1,BirdState.IDLE,10,10,birMover
65,Bird_1,10,10,1,BirdState.IDLE,10,10,birMover
65,Bird_2,15,10,1,BirdState.ATTACKING,10,10,birMover
65,Bird_3,10,10,1,BirdState.IDLE,10,10,birMover
65,Bird_4,21,10,1,BirdState.ATTACKING,10,10,birMover
65,Bird_5,10,10,1,BirdState.IDLE,10,10,birMover
65,Bird_6,32,10,1,BirdState.ATTACKING,10,10,birMover
65,Bird_7,10,10,1,BirdState.IDLE,10,10,birMover
65,Bird_8,10,10,1,BirdState.IDLE,10,10,birMover
66,Bird_1,10,10,1,BirdState.IDLE,10,10,birMover
66,Bird_2,14,10,1,BirdState.ATTACKING,10,10,birMover
66,Bird_3,10,10,1,BirdState.IDLE,10,10,birMover
66,Bird_4,20,10,1,BirdState.ATTACKING,10,10,birMover
66,Bird_5,10,10,1,BirdState.IDLE,10,10,birMover
66,Bird_6,31,10,1,BirdState.ATTACKING,10,10,birMover
66,Bird_7,10,10,1,BirdState.IDLE,10,10,birMover
66,Bird_8,10,10,1,BirdState.IDLE,10,10,birMover
67,Bird_1,10,10,1,BirdState.IDLE,10,10,birMover
67,Bird_2,13,10,1,BirdState.ATTACKING,10,10,birMover
67,Bird_3,10,10,1,BirdState.IDLE,10,10,birMover
67,Bird_4,19,10,1,BirdState.ATTACKING,10,10,birMover
67,Bird_5,10,10,1,BirdState.IDLE,10,10,birMover
67,Bird_6,30,10,1,BirdState.ATTACKING,10,10,birMover
67,Bird_7,10,10,1,BirdState.IDLE,10,10,birMover
67,Bird_8,10,10,1,BirdState.IDLE,10,10,birMover
68,Bird_1,10,10,1,BirdState.IDLE,10,10,birMover
68,Bird_2,12,10,1,BirdState.ATTACKING,10,10,birMover
68,Bird_3,10,10,1,BirdState.IDLE,10,10,birMover
68,Bird_4,18,10,1,BirdState.ATTACKING,10,10,birMover
68,Bird_5,10,10,1,BirdState.IDLE,10,10,birMover
68,Bird_6,29,10,1,BirdState.ATTACKING,10,10,birMover
68,Bird_7,10,10,1,BirdState.IDLE,10,10,birMover
68,Bird_8,10,10,1,BirdState.IDLE,10,10,birMover
69,Bird_1,10,10,1,BirdState.IDLE,10,10,birMover
69,Bird_2,11,10,1,BirdState.ATTACKING,10,10,birMover
69,Bird_3,10,10,1,BirdState.IDLE,10,10,birMover
69,Bird_4,17,10,1,BirdState.ATTACKING,10,10,birMover
69,Bird_5,10,10,1,BirdState.IDLE,10,10,birMover
69,Bird_6,28,10,1,BirdState.ATTACKING,10,10,birMover
69,Bird_7,10,10,1,BirdState.IDLE,10,10,birMover
69,Bird_8,10,10,1,BirdState.IDLE,10,10,birMover
70,Bird_1,10,10,1,BirdState.IDLE,10,10,birMover
70,Bird_2,10,10,1,BirdState.IDLE,10,10,birMover
70,Bird_3,10,10,1,BirdState.IDLE,10,10,birMover
70,Bird_4,16,10,1,BirdState.ATTACKING,10,10,birMover
70,Bird_5,10,10,1,BirdState.IDLE,10,10,birMover
70,Bird_6,27,10,1,BirdState.ATTACKING,10,10,birMover
70,Bird_7,10,10,1,BirdState.IDLE,10,10,birMover
70,Bird_8,10,10,1,BirdState.IDLE,10,10,birMover
71,Bird_1,10,10,1,BirdState.IDLE,10,10,birMover
71,Bird_2,10,10,1,BirdState.IDLE,10,10,birMover
71,Bird_3,10,10,1,BirdState.IDLE,10,10,birMover
71,Bird_4,15,10,1,BirdState.ATTACKING,10,10,birMover
71,Bird_5,10,10,1,BirdState.IDLE,10,10,birMover
71,Bird_6,26,10,1,BirdState.ATTACKING,10,10,birMover
71,Bird_7,10,10,1,BirdState.IDLE,10,10,birMover
71,Bird_8,10,10,1,BirdState.IDLE,10,10,birMover
72,Bird_1,10,10,1,BirdState.IDLE,10,10,birMover
72,Bird_2,10,10,1,BirdState.IDLE,10,10,birMover
72,Bird_3,10,10,1,BirdState.IDLE,10,10,birMover
72,Bird_4,14,10,1,BirdState.ATTACKING,10,10,birMover
72,Bird_5,10,10,1,BirdState.IDLE,10,10,birMover
72,Bird_6,25,10,1,BirdState.ATTACKING,10,10,birMover
72,Bird_7,10,10,1,BirdState.IDLE,10,10,birMover
72,Bird_8,10,10,1,BirdState.IDLE,10,10,birMover
73,Bird_1,10,10,1,BirdState.IDLE,10,10,birMover
73,Bird_2,10,10,1,BirdState.IDLE,10,10,birMover
73,Bird_3,10,10,1,BirdState.IDLE,10,10,birMover
73,Bird_4,13,10,1,BirdState.ATTACKING,10,10,birMover
73,Bird_5,10,10,1,BirdState.IDLE,10,10,birMover
73,Bird_6,24,10,1,BirdState.ATTACKING,10,10,birMover
73,Bird_7,10,10,1,BirdState.IDLE,10,10,birMover
73,Bird_8,10,10,1,BirdState.IDLE,10,10,birMover
74,Bird_1,10,10,1,BirdState.IDLE,10,10,birMover
74,Bird_2,10,10,1,BirdState.IDLE,10,10,birMover
74,Bird_3,10,10,1,BirdState.IDLE,10,10,birMover
74,Bird_4,12,10,1,BirdState.ATTACKING,10,10,birMover
74,Bird_5,10,10,1,BirdState.IDLE,10,10,birMover
74,Bird_6,23,10,1,BirdState.ATTACKING,10,10,birMover
74,Bird_7,10,10,1,BirdState.IDLE,10,10,birMover
74,Bird_8,10,10,1,BirdState.IDLE,10,10,birMover
75,Bird_1,10,10,1,BirdState.IDLE,10,10,birMover
75,Bird_2,10,10,1,BirdState.IDLE,10,10,birMover
75,Bird_3,10,10,1,BirdState.IDLE,10,10,birMover
75,Bird_4,11,10,1,BirdState.ATTACKING,10,10,birMover
75,Bird_5,10,10,1,BirdState.IDLE,10,10,birMover
75,Bird_6,22,10,1,BirdState.ATTACKING,10,10,birMover
75,Bird_7,10,10,1,BirdState.IDLE,10,10,birMover
75,Bird_8,10,10,1,BirdState.IDLE,10,10,birMover
76,Bird_1,10,10,1,BirdState.IDLE,10,10,birMover
76,Bird_2,10,10,1,BirdState.IDLE,10,10,birMover
76,Bird_3,10,10,1,BirdState.IDLE,10,10,birMover
76,Bird_4,10,10,1,BirdState.IDLE,10,10,birMover
76,Bird_5,10,10,1,BirdState.IDLE,10,10,birMover
76,Bird_6,21,10,1,BirdState.ATTACKING,10,10,birMover
76,Bird_7,10,10,1,BirdState.IDLE,10,10,birMover
76,Bird_8,10,10,1,BirdState.IDLE,10,10,birMover
77,Bird_1,10,10,1,BirdState.IDLE,10,10,birMover
77,Bird_2,10,10,1,BirdState.IDLE,10,10,birMover
77,Bird_3,10,10,1,BirdState.IDLE,10,10,birMover
77,Bird_4,10,10,1,BirdState.IDLE,10,10,birMover
77,Bird_5,10,10,1,BirdState.IDLE,10,10,birMover
77,Bird_6,20,10,1,BirdState.ATTACKING,10,10,birMover
77,Bird_7,10,10,1,BirdState.IDLE,10,10,birMover
77,Bird_8,10,10,1,BirdState.IDLE,10,10,birMover
78,Bird_1,10,10,1,BirdState.IDLE,10,10,birMover
78,Bird_2,10,10,1,BirdState.IDLE,10,10,birMover
78,Bird_3,10,10,1,BirdState.IDLE,10,10,birMover
78,Bird_4,10,10,1,BirdState.IDLE,10,10,birMover
78,Bird_5,10,10,1,BirdState.IDLE,10,10,birMover
78,Bird_6,19,10,1,BirdState.ATTACKING,10,10,birMover
78,Bird_7,10,10,1,BirdState.IDLE,10,10,birMover
78,Bird_8,10,10,1,BirdState.IDLE,10,10,birMover
79,Bird_1,10,10,1,BirdState.IDLE,10,10,birMover
79,Bird_2,10,10,1,BirdState.IDLE,10,10,birMover
79,Bird_3,10,10,1,BirdState.IDLE,10,10,birMover
79,Bird_4,10,10,1,BirdState.IDLE,10,10,birMover
79,Bird_5,10,10,1,BirdState.IDLE,10,10,birMover
79,Bird_6,18,10,1,BirdState.ATTACKING,10,10,birMover
79,Bird_7,10,10,1,BirdState.IDLE,10,10,birMover
79,Bird_8,10,10,1,BirdState.IDLE,10,10,birMover
80,Bird_1,10,10,1,BirdState.IDLE,10,10,birMover
80,Bird_2,10,10,1,BirdState.IDLE,10,10,birMover
80,Bird_3,10,10,1,BirdState.IDLE,10,10,birMover
80,Bird_4,10,10,1,BirdState.IDLE,10,10,birMover
80,Bird_5,10,10,1,BirdState.IDLE,10,10,birMover
80,Bird_6,17,10,1,BirdState.ATTACKING,10,10,birMover
80,Bird_7,10,10,1,BirdState.IDLE,10,10,birMover
80,Bird_8,10,10,1,BirdState.IDLE,10,10,birMover
81,Bird_1,10,10,1,BirdState.IDLE,10,10,birMover
81,Bird_2,10,10,1,BirdState.IDLE,10,10,birMover
81,Bird_3,10,10,1,BirdState.IDLE,10,10,birMover
81,Bird_4,10,10,1,BirdState.IDLE,10,10,birMover
81,Bird_5,10,10,1,BirdState.IDLE,10,10,birMover
81,Bird_6,16,10,1,BirdState.ATTACKING,10,10,birMover
81,Bird_7,10,10,1,BirdState.IDLE,10,10,birMover
81,Bird_8,10,10,1,BirdState.IDLE,10,10,birMover
82,Bird_1,10,10,1,BirdState.IDLE,10,10,birMover
82,Bird_2,10,10,1,BirdState.IDLE,10,10,birMover
82,Bird_3,10,10,1,BirdState.IDLE,10,10,birMover
82,Bird_4,10,10,1,BirdState.IDLE,10,10,birMover
82,Bird_5,10,10,1,BirdState.IDLE,10,10,birMover
82,Bird_6,15,10,1,BirdState.ATTACKING,10,10,birMover
82,Bird_7,10,10,1,BirdState.IDLE,10,10,birMover
82,Bird_8,10,10,1,BirdState.IDLE,10,10,birMover
83,Bird_1,10,10,1,BirdState.IDLE,10,10,birMover
83,Bird_2,10,10,1,BirdState.IDLE,10,10,birMover
83,Bird_3,10,10,1,BirdState.IDLE,10,10,birMover
83,Bird_4,10,10,1,BirdState.IDLE,10,10,birMover
83,Bird_5,10,10,1,BirdState.IDLE,10,10,birMover
83,Bird_6,14,10,1,BirdState.ATTACKING,10,10,birMover
83,Bird_7,10,10,1,BirdState.IDLE,10,10,birMover
83,Bird_8,10,10,1,BirdState.IDLE,10,10,birMover
84,Bird_1,10,10,1,BirdState.IDLE,10,10,birMover
84,Bird_2,10,10,1,BirdState.IDLE,10,10,birMover
84,Bird_3,10,10,1,BirdState.IDLE,10,10,birMover
84,Bird_4,10,10,1,BirdState.IDLE,10,10,birMover
84,Bird_5,10,10,1,BirdState.IDLE,10,10,birMover
84,Bird_6,13,10,1,BirdState.ATTACKING,10,10,birMover
84,Bird_7,10,10,1,BirdState.IDLE,10,10,birMover
84,Bird_8,10,10,1,BirdState.IDLE,10,10,birMover
85,Bird_1,10,10,1,BirdState.IDLE,10,10,birMover
85,Bird_2,10,10,1,BirdState.IDLE,10,10,birMover
85,Bird_3,10,10,1,BirdState.IDLE,10,10,birMover
85,Bird_4,10,10,1,BirdState.IDLE,10,10,birMover
85,Bird_5,10,10,1,BirdState.IDLE,10,10,birMover
85,Bird_6,12,10,1,BirdState.ATTACKING,10,10,birMover
85,Bird_7,10,10,1,BirdState.IDLE,10,10,birMover
85,Bird_8,10,10,1,BirdState.IDLE,10,10,birMover
86,Bird_1,10,10,1,BirdState.IDLE,10,10,birMover
86,Bird_2,10,10,1,BirdState.IDLE,10,10,birMover
86,Bird_3,10,10,1,BirdState.IDLE,10,10,birMover
86,Bird_4,10,10,1,BirdState.IDLE,10,10,birMover
86,Bird_5,10,10,1,BirdState.IDLE,10,10,birMover
86,Bird_6,11,10,1,BirdState.ATTACKING,10,10,birMover
86,Bird_7,10,10,1,BirdState.IDLE,10,10,birMover
86,Bird_8,10,10,1,BirdState.IDLE,10,10,birMover
87,Bird_1,10,10,1,BirdState.IDLE,10,10,birMover
87,Bird_2,10,10,1,BirdState.IDLE,10,10,birMover
87,Bird_3,10,10,1,BirdState.IDLE,10,10,birMover
87,Bird_4,10,10,1,BirdState.IDLE,10,10,birMover
87,Bird_5,10,10,1,BirdState.IDLE,10,10,birMover
87,Bird_6,10,10,1,BirdState.IDLE,10,10,birMover
87,Bird_7,10,10,1,BirdState.IDLE,10,10,birMover
87,Bird_8,10,10,1,BirdState.IDLE,10,10,birMover
88,Bird_1,10,10,1,BirdState.IDLE,10,10,birMover
88,Bird_2,10,10,1,BirdState.IDLE,10,10,birMover
88,Bird_3,10,10,1,BirdState.IDLE,10,10,birMover
88,Bird_4,10,10,1,BirdState.IDLE,10,10,birMover
88,Bird_5,10,10,1,BirdState.IDLE,10,10,birMover
88,Bird_6,10,10,1,BirdState.IDLE,10,10,birMover
88,Bird_7,10,10,1,BirdState.IDLE,10,10,birMover
88,Bird_8,10,10,1,BirdState.IDLE,10,10,birMover
89,Bird_1,10,10,1,BirdState.IDLE,10,10,birMover
89,Bird_2,10,10,1,BirdState.IDLE,10,10,birMover
89,Bird_3,10,10,1,BirdState.IDLE,10,10,birMover
89,Bird_4,10,10,1,BirdState.IDLE,10,10,birMover
89,Bird_5,10,10,1,BirdState.IDLE,10,10,birMover
89,Bird_6,10,10,1,BirdState.IDLE,10,10,birMover
89,Bird_7,10,10,1,BirdState.IDLE,10,10,birMover
89,Bird_8,10,10,1,BirdState.IDLE,10,10,birMover
90,Bird_1,10,10,1,BirdState.IDLE,10,10,birMover
90,Bird_2,10,10,1,BirdState.IDLE,10,10,birMover
90,Bird_3,10,10,1,BirdState.IDLE,10,10,birMover
90,Bird_4,10,10,1,BirdState.IDLE,10,10,birMover
90,Bird_5,10,10,1,BirdState.IDLE,10,10,birMover
90,Bird_6,10,10,1,BirdState.IDLE,10,10,birMover
90,Bird_7,10,10,1,BirdState.IDLE,10,10,birMover
90,Bird_8,10,10,1,BirdState.IDLE,10,10,birMover
91,Bird_1,10,10,1,BirdState.IDLE,10,10,birMover
91,Bird_2,10,10,1,BirdState.IDLE,10,10,birMover
91,Bird_3,10,10,1,BirdState.IDLE,10,10,birMover
91,Bird_4,10,10,1,BirdState.IDLE,10,10,birMover
91,Bird_5,10,10,1,BirdState.IDLE,10,10,birMover
91,Bird_6,10,10,1,BirdState.IDLE,10,10,birMover
91,Bird_7,10,10,1,BirdState.IDLE,10,10,birMover
91,Bird_8,10,10,1,BirdState.IDLE,10,10,birMover
92,Bird_1,10,10,1,BirdState.IDLE,10,10,birMover
92,Bird_2,10,10,1,BirdState.IDLE,10,10,birMover
92,Bird_3,10,10,1,BirdState.IDLE,10,10,birMover
92,Bird_4,10,10,1,BirdState.IDLE,10,10,birMover
92,Bird_5,10,10,1,BirdState.IDLE,10,10,birMover
92,Bird_6,10,10,1,BirdState.IDLE,10,10,birMover
92,Bird_7,10,10,1,BirdState.IDLE,10,10,birMover
92,Bird_8,10,10,1,BirdState.IDLE,10,10,birMover
93,Bird_1,10,10,1,BirdState.IDLE,10,10,birMover
93,Bird_2,10,10,1,BirdState.IDLE,10,10,birMover
93,Bird_3,10,10,1,BirdState.IDLE,10,10,birMover
93,Bird_4,10,10,1,BirdState.IDLE,10,10,birMover
93,Bird_5,10,10,1,BirdState.IDLE,10,10,birMover
93,Bird_6,10,10,1,BirdState.IDLE,10,10,birMover
93,Bird_7,10,10,1,BirdState.IDLE,10,10,birMover
93,Bird_8,10,10,1,BirdState.IDLE,10,10,birMover
94,Bird_1,10,10,1,BirdState.IDLE,10,10,birMover
94,Bird_2,10,10,1,BirdState.IDLE,10,10,birMover
94,Bird_3,10,10,1,BirdState.IDLE,10,10,birMover
94,Bird_4,10,10,1,BirdState.IDLE,10,10,birMover
94,Bird_5,10,10,1,BirdState.IDLE,10,10,birMover
94,Bird_6,10,10,1,BirdState.IDLE,10,10,birMover
94,Bird_7,10,10,1,BirdState.IDLE,10,10,birMover
94,Bird_8,10,10,1,BirdState.IDLE,10,10,birMover
95,Bird_1,10,10,1,BirdState.IDLE,10,10,birMover
95,Bird_2,10,10,1,BirdState.IDLE,10,10,birMover
95,Bird_3,10,10,1,BirdState.IDLE,10,10,birMover
95,Bird_4,10,10,1,BirdState.IDLE,10,10,birMover
95,Bird_5,10,10,1,BirdState.IDLE,10,10,birMover
95,Bird_6,10,10,1,BirdState.IDLE,10,10,birMover
95,Bird_7,10,10,1,BirdState.IDLE,10,10,birMover
95,Bird_8,10,10,1,BirdState.IDLE,10,10,birMover
96,Bird_1,10,10,1,BirdState.IDLE,10,10,birMover
96,Bird_2,10,10,1,BirdState.IDLE,10,10,birMover
96,Bird_3,10,10,1,BirdState.IDLE,10,10,birMover
96,Bird_4,10,10,1,BirdState.IDLE,10,10,birMover
96,Bird_5,10,10,1,BirdState.IDLE,10,10,birMover
96,Bird_6,10,10,1,BirdState.IDLE,10,10,birMover
96,Bird_7,10,10,1,BirdState.IDLE,10,10,birMover
96,Bird_8,10,10,1,BirdState.IDLE,10,10,birMover
97,Bird_1,10,10,1,BirdState.IDLE,10,10,birMover
97,Bird_2,10,10,1,BirdState.IDLE,10,10,birMover
97,Bird_3,10,10,1,BirdState.IDLE,10,10,birMover
97,Bird_4,10,10,1,BirdState.IDLE,10,10,birMover
97,Bird_5,10,10,1,BirdState.IDLE,10,10,birMover
97,Bird_6,10,10,1,BirdState.IDLE,10,10,birMover
97,Bird_7,10,10,1,BirdState.IDLE,10,10,birMover
97,Bird_8,10,10,1,BirdState.IDLE,10,10,birMover
98,Bird_1,10,10,1,BirdState.IDLE,10,10,birMover
98,Bird_2,10,10,1,BirdState.IDLE,10,10,birMover
98,Bird_3,10,10,1,BirdState.IDLE,10,10,birMover
98,Bird_4,10,10,1,BirdState.IDLE,10,10,birMover
98,Bird_5,10,10,1,BirdState.IDLE,10,10,birMover
98,Bird_6,10,10,1,BirdState.IDLE,10,10,birMover
98,Bird_7,10,10,1,BirdState.IDLE,10,10,birMover
98,Bird_8,10,10,1,BirdState.IDLE,10,10,birMover
99,Bird_1,10,10,1,BirdState.IDLE,10,10,birMover
99,Bird_2,10,10,1,BirdState.IDLE,10,10,birMover
99,Bird_3,10,10,1,BirdState.IDLE,10,10,birMover
99,Bird_4,10,10,1,BirdState.IDLE,10,10,birMover
99,Bird_5,10,10,1,BirdState.IDLE,10,10,birMover
99,Bird_6,10,10,1,BirdState.IDLE,10,10,birMover
99,Bird_7,10,10,1,BirdState.IDLE,10,10,birMover
99,Bird_8,10,10,1,BirdState.IDLE,10,10,birMover
100,Bird_1,10,10,1,BirdState.IDLE,10,10,birMover
100,Bird_2,10,10,1,BirdState.IDLE,10,10,birMover
100,Bird_3,10,10,1,BirdState.IDLE,10,10,birMover
100,Bird_4,10,10,1,BirdState.IDLE,10,10,birMover
100,Bird_5,10,10,1,BirdState.IDLE,10,10,birMover
100,Bird_6,10,10,1,BirdState.IDLE,10,10,birMover
100,Bird_7,10,10,1,BirdState.IDLE,10,10,birMover
100,Bird_8,10,10,1,BirdState.IDLE,10,10,birMover
101,Bird_1,10,10,1,BirdState.IDLE,10,10,birMover
101,Bird_2,10,10,1,BirdState.IDLE,10,10,birMover
101,Bird_3,10,10,1,BirdState.IDLE,10,10,birMover
101,Bird_4,10,10,1,BirdState.IDLE,10,10,birMover
101,Bird_5,10,10,1,BirdState.IDLE,10,10,birMover
101,Bird_6,10,10,1,BirdState.IDLE,10,10,birMover
101,Bird_7,10,10,1,BirdState.IDLE,10,10,birMover
101,Bird_8,10,10,1,BirdState.IDLE,10,10,birMover
102,Bird_1,10,10,1,BirdState.IDLE,10,10,birMover
102,Bird_2,10,10,1,BirdState.IDLE,10,10,birMover
102,Bird_3,10,10,1,BirdState.IDLE,10,10,birMover
102,Bird_4,10,10,1,BirdState.IDLE,10,10,birMover
102,Bird_5,10,10,1,BirdState.IDLE,10,10,birMover
102,Bird_6,10,10,1,BirdState.IDLE,10,10,birMover
102,Bird_7,10,10,1,BirdState.IDLE,10,10,birMover
102,Bird_8,10,10,1,BirdState.IDLE,10,10,birMover
103,Bird_1,10,10,1,BirdState.IDLE,10,10,birMover
103,Bird_2,10,10,1,BirdState.IDLE,10,10,birMover
103,Bird_3,10,10,1,BirdState.IDLE,10,10,birMover
103,Bird_4,10,10,1,BirdState.IDLE,10,10,birMover
103,Bird_5,10,10,1,BirdState.IDLE,10,10,birMover
103,Bird_6,10,10,1,BirdState.IDLE,10,10,birMover
103,Bird_7,10,10,1,BirdState.IDLE,10,10,birMover
103,Bird_8,10,10,1,BirdState.IDLE,10,10,birMover
104,Bird_1,10,10,1,BirdState.IDLE,10,10,birMover
104,Bird_2,10,10,1,BirdState.IDLE,10,10,birMover
104,Bird_3,10,10,1,BirdState.IDLE,10,10,birMover
104,Bird_4,10,10,1,BirdState.IDLE,10,10,birMover
104,Bird_5,10,10,1,BirdState.IDLE,10,10,birMover
104,Bird_6,10,10,1,BirdState.IDLE,10,10,birMover
104,Bird_7,10,10,1,BirdState.IDLE,10,10,birMover
104,Bird_8,10,10,1,BirdState.IDLE,10,10,birMover
105,Bird_1,10,10,1,BirdState.IDLE,10,10,birMover
105,Bird_2,10,10,1,BirdState.IDLE,10,10,birMover
105,Bird_3,10,10,1,BirdState.IDLE,10,10,birMover
105,Bird_4,10,10,1,BirdState.IDLE,10,10,birMover
105,Bird_5,10,10,1,BirdState.IDLE,10,10,birMover
105,Bird_6,10,10,1,BirdState.IDLE,10,10,birMover
105,Bird_7,10,10,1,BirdState.IDLE,10,10,birMover
105,Bird_8,10,10,1,BirdState.IDLE,10,10,birMover
106,Bird_1,10,10,1,BirdState.IDLE,10,10,birMover
106,Bird_2,10,10,1,BirdState.IDLE,10,10,birMover
106,Bird_3,10,10,1,BirdState.IDLE,10,10,birMover
106,Bird_4,10,10,1,BirdState.IDLE,10,10,birMover
106,Bird_5,10,10,1,BirdState.IDLE,10,10,birMover
106,Bird_6,10,10,1,BirdState.IDLE,10,10,birMover
106,Bird_7,10,10,1,BirdState.IDLE,10,10,birMover
106,Bird_8,10,10,1,BirdState.IDLE,10,10,birMover
107,Bird_1,10,10,1,BirdState.IDLE,10,10,birMover
107,Bird_2,10,10,1,BirdState.IDLE,10,10,birMover
107,Bird_3,10,10,1,BirdState.IDLE,10,10,birMover
107,Bird_4,10,10,1,BirdState.IDLE,10,10,birMover
107,Bird_5,10,10,1,BirdState.IDLE,10,10,birMover
107,Bird_6,10,10,1,BirdState.IDLE,10,10,birMover
107,Bird_7,10,10,1,BirdState.IDLE,10,10,birMover
107,Bird_8,10,10,1,BirdState.IDLE,10,10,birMover
108,Bird_1,10,10,1,BirdState.IDLE,10,10,birMover
108,Bird_2,10,10,1,BirdState.IDLE,10,10,birMover
108,Bird_3,10,10,1,BirdState.IDLE,10,10,birMover
108,Bird_4,10,10,1,BirdState.IDLE,10,10,birMover
108,Bird_5,10,10,1,BirdState.IDLE,10,10,birMover
108,Bird_6,10,10,1,BirdState.IDLE,10,10,birMover
108,Bird_7,10,10,1,BirdState.IDLE,10,10,birMover
108,Bird_8,10,10,1,BirdState.IDLE,10,10,birMover
109,Bird_1,10,10,1,BirdState.IDLE,10,10,birMover
109,Bird_2,10,10,1,BirdState.IDLE,10,10,birMover
109,Bird_3,10,10,1,BirdState.IDLE,10,10,birMover
109,Bird_4,10,10,1,BirdState.IDLE,10,10,birMover
109,Bird_5,10,10,1,BirdState.IDLE,10,10,birMover
109,Bird_6,10,10,1,BirdState.IDLE,10,10,birMover
109,Bird_7,10,10,1,BirdState.IDLE,10,10,birMover
109,Bird_8,10,10,1,BirdState.IDLE,10,10,birMover
110,Bird_1,10,10,1,BirdState.IDLE,10,10,birMover
110,Bird_2,10,10,1,BirdState.IDLE,10,10,birMover
110,Bird_3,10,10,1,BirdState.IDLE,10,10,birMover
110,Bird_4,10,10,1,BirdState.IDLE,10,10,birMover
110,Bird_5,10,10,1,BirdState.IDLE,10,10,birMover
110,Bird_6,10,10,1,BirdState.IDLE,10,10,birMover
110,Bird_7,10,10,1,BirdState.IDLE,10,10,birMover
110,Bird_8,10,10,1,BirdState.IDLE,10,10,birMover
111,Bird_1,10,10,1,BirdState.IDLE,10,10,birMover
111,Bird_2,10,10,1,BirdState.IDLE,10,10,birMover
111,Bird_3,10,10,1,BirdState.IDLE,10,10,birMover
111,Bird_4,10,10,1,BirdState.IDLE,10,10,birMover
111,Bird_5,10,10,1,BirdState.IDLE,10,10,birMover
111,Bird_6,10,10,1,BirdState.IDLE,10,10,birMover
111,Bird_7,10,10,1,BirdState.IDLE,10,10,birMover
111,Bird_8,10,10,1,BirdState.IDLE,10,10,birMover
112,Bird_1,10,10,1,BirdState.IDLE,10,10,birMover
112,Bird_2,10,10,1,BirdState.IDLE,10,10,birMover
112,Bird_3,10,10,1,BirdState.IDLE,10,10,birMover
112,Bird_4,10,10,1,BirdState.IDLE,10,10,birMover
112,Bird_5,10,10,1,BirdState.IDLE,10,10,birMover
112,Bird_6,10,10,1,BirdState.IDLE,10,10,birMover
112,Bird_7,10,10,1,BirdState.IDLE,10,10,birMover
112,Bird_8,10,10,1,BirdState.IDLE,10,10,birMover
113,Bird_1,10,10,1,BirdState.IDLE,10,10,birMover
113,Bird_2,10,10,1,BirdState.IDLE,10,10,birMover
113,Bird_3,10,10,1,BirdState.IDLE,10,10,birMover
113,Bird_4,10,10,1,BirdState.IDLE,10,10,birMover
113,Bird_5,10,10,1,BirdState.IDLE,10,10,birMover
113,Bird_6,10,10,1,BirdState.IDLE,10,10,birMover
113,Bird_7,10,10,1,BirdState.IDLE,10,10,birMover
113,Bird_8,10,10,1,BirdState.IDLE,10,10,birMover
114,Bird_1,10,10,1,BirdState.IDLE,10,10,birMover
114,Bird_2,10,10,1,BirdState.IDLE,10,10,birMover
114,Bird_3,10,10,1,BirdState.IDLE,10,10,birMover
114,Bird_4,10,10,1,BirdState.IDLE,10,10,birMover
114,Bird_5,10,10,1,BirdState.IDLE,10,10,birMover
114,Bird_6,10,10,1,BirdState.IDLE,10,10,birMover
114,Bird_7,10,10,1,BirdState.IDLE,10,10,birMover
114,Bird_8,10,10,1,BirdState.IDLE,10,10,birMover
115,Bird_1,10,10,1,BirdState.IDLE,10,10,birMover
115,Bird_2,10,10,1,BirdState.IDLE,10,10,birMover
115,Bird_3,10,10,1,BirdState.IDLE,10,10,birMover
115,Bird_4,10,10,1,BirdState.IDLE,10,10,birMover
115,Bird_5,10,10,1,BirdState.IDLE,10,10,birMover
115,Bird_6,10,10,1,BirdState.IDLE,10,10,birMover
115,Bird_7,10,10,1,BirdState.IDLE,10,10,birMover
115,Bird_8,10,10,1,BirdState.IDLE,10,10,birMover
116,Bird_1,10,10,1,BirdState.IDLE,10,10,birMover
116,Bird_2,10,10,1,BirdState.IDLE,10,10,birMover
116,Bird_3,10,10,1,BirdState.IDLE,10,10,birMover
116,Bird_4,10,10,1,BirdState.IDLE,10,10,birMover
116,Bird_5,10,10,1,BirdState.IDLE,10,10,birMover
116,Bird_6,10,10,1,BirdState.IDLE,10,10,birMover
116,Bird_7,10,10,1,BirdState.IDLE,10,10,birMover
116,Bird_8,10,10,1,BirdState.IDLE,10,10,birMover
117,Bird_1,10,10,1,BirdState.IDLE,10,10,birMover
117,Bird_2,10,10,1,BirdState.IDLE,10,10,birMover
117,Bird_3,10,10,1,BirdState.IDLE,10,10,birMover
117,Bird_4,10,10,1,BirdState.IDLE,10,10,birMover
117,Bird_5,10,10,1,BirdState.IDLE,10,10,birMover
117,Bird_6,10,10,1,BirdState.IDLE,10,10,birMover
117,Bird_7,10,10,1,BirdState.IDLE,10,10,birMover
117,Bird_8,10,10,1,BirdState.IDLE,10,10,birMover
118,Bird_1,10,10,1,BirdState.IDLE,10,10,birMover
118,Bird_2,10,10,1,BirdState.IDLE,10,10,birMover
118,Bird_3,10,10,1,BirdState.IDLE,10,10,birMover
118,Bird_4,10,10,1,BirdState.IDLE,10,10,birMover
118,Bird_5,10,10,1,BirdState.IDLE,10,10,birMover
118,Bird_6,10,10,1,BirdState.IDLE,10,10,birMover
118,Bird_7,10,10,1,BirdState.IDLE,10,10,birMover
118,Bird_8,10,10,1,BirdState.IDLE,10,10,birMover
119,Bird_1,10,10,1,BirdState.IDLE,10,10,birMover
119,Bird_2,10,10,1,BirdState.IDLE,10,10,birMover
119,Bird_3,10,10,1,BirdState.IDLE,10,10,birMover
119,Bird_4,10,10,1,BirdState.IDLE,10,10,birMover
119,Bird_5,10,10,1,BirdState.IDLE,10,10,birMover
119,Bird_6,10,10,1,BirdState.IDLE,10,10,birMover
119,Bird_7,10,10,1,BirdState.IDLE,10,10,birMover
119,Bird_8,10,10,1,BirdState.IDLE,10,10,birMover
120,Bird_1,10,10,1,BirdState.IDLE,10,10,birMover
120,Bird_2,10,10,1,BirdState.IDLE,10,10,birMover
120,Bird_3,10,10,1,BirdState.IDLE,10,10,birMover
120,Bird_4,10,10,1,BirdState.IDLE,10,10,birMover
120,Bird_5,10,10,1,BirdState.IDLE,10,10,birMover
120,Bird_6,10,10,1,BirdState.IDLE,10,10,birMover
120,Bird_7,10,10,1,BirdState.IDLE,10,10,birMover
120,Bird_8,10,10,1,BirdState.IDLE,10,10,birMover
121,Bird_1,10,10,1,BirdState.IDLE,10,10,birMover
121,Bird_2,10,10,1,BirdState.IDLE,10,10,birMover
121,Bird_3,10,10,1,BirdState.IDLE,10,10,birMover
121,Bird_4,10,10,1,BirdState.IDLE,10,10,birMover
121,Bird_5,10,10,1,BirdState.IDLE,10,10,birMover
121,Bird_6,10,10,1,BirdState.IDLE,10,10,birMover
121,Bird_7,10,10,1,BirdState.IDLE,10,10,birMover
121,Bird_8,10,10,1,BirdState.IDLE,10,10,birMover
122,Bird_1,10,10,1,BirdState.IDLE,10,10,birMover
122,Bird_2,10,10,1,BirdState.IDLE,10,10,birMover
122,Bird_3,10,10,1,BirdState.IDLE,10,10,birMover
122,Bird_4,10,10,1,BirdState.IDLE,10,10,birMover
122,Bird_5,10,10,1,BirdState.IDLE,10,10,birMover
122,Bird_6,10,10,1,BirdState.IDLE,10,10,birMover
122,Bird_7,10,10,1,BirdState.IDLE,10,10,birMover
122,Bird_8,10,10,1,BirdState.IDLE,10,10,birMover
123,Bird_1,10,10,1,BirdState.IDLE,10,10,birMover
123,Bird_2,10,10,1,BirdState.IDLE,10,10,birMover
123,Bird_3,10,10,1,BirdState.IDLE,10,10,birMover
123,Bird_4,10,10,1,BirdState.IDLE,10,10,birMover
123,Bird_5,10,10,1,BirdState.IDLE,10,10,birMover
123,Bird_6,10,10,1,BirdState.IDLE,10,10,birMover
123,Bird_7,10,10,1,BirdState.IDLE,10,10,birMover
123,Bird_8,10,10,1,BirdState.IDLE,10,10,birMover
124,Bird_1,10,10,1,BirdState.IDLE,10,10,birMover
124,Bird_2,10,10,1,BirdState.IDLE,10,10,birMover
124,Bird_3,10,10,1,BirdState.IDLE,10,10,birMover
124,Bird_4,10,10,1,BirdState.IDLE,10,10,birMover
124,Bird_5,10,10,1,BirdState.IDLE,10,10,birMover
124,Bird_6,10,10,1,BirdState.IDLE,10,10,birMover
124,Bird_7,10,10,1,BirdState.IDLE,10,10,birMover
124,Bird_8,10,10,1,BirdState.IDLE,10,10,birMover
125,Bird_1,10,10,1,BirdState.IDLE,10,10,birMover
125,Bird_2,10,10,1,BirdState.IDLE,10,10,birMover
125,Bird_3,10,10,1,BirdState.IDLE,10,10,birMover
125,Bird_4,10,10,1,BirdState.IDLE,10,10,birMover
125,Bird_5,10,10,1,BirdState.IDLE,10,10,birMover
125,Bird_6,10,10,1,BirdState.IDLE,10,10,birMover
125,Bird_7,10,10,1,BirdState.IDLE,10,10,birMover
125,Bird_8,10,10,1,BirdState.IDLE,10,10,birMover
126,Bird_1,10,10,1,BirdState.IDLE,10,10,birMover
126,Bird_2,10,10,1,BirdState.IDLE,10,10,birMover
126,Bird_3,10,10,1,BirdState.IDLE,10,10,birMover
126,Bird_4,10,10,1,BirdState.IDLE,10,10,birMover
126,Bird_5,10,10,1,BirdState.IDLE,10,10,birMover
126,Bird_6,10,10,1,BirdState.IDLE,10,10,birMover
126,Bird_7,10,10,1,BirdState.IDLE,10,10,birMover
126,Bird_8,10,10,1,BirdState.IDLE,10,10,birMover
127,Bird_1,10,10,1,BirdState.IDLE,10,10,birMover
127,Bird_2,10,10,1,BirdState.IDLE,10,10,birMover
127,Bird_3,10,10,1,BirdState.IDLE,10,10,birMover
127,Bird_4,10,10,1,BirdState.IDLE,10,10,birMover
127,Bird_5,10,10,1,BirdState.IDLE,10,10,birMover
127,Bird_6,10,10,1,BirdState.IDLE,10,10,birMover
127,Bird_7,10,10,1,BirdState.IDLE,10,10,birMover
127,Bird_8,10,10,1,BirdState.IDLE,10,10,birMover
128,Bird_1,10,10,1,BirdState.IDLE,10,10,birMover
128,Bird_2,10,10,1,BirdState.IDLE,10,10,birMover
128,Bird_3,10,10,1,BirdState.IDLE,10,10,birMover
128,Bird_4,10,10,1,BirdState.IDLE,10,10,birMover
128,Bird_5,10,10,1,BirdState.IDLE,10,10,birMover
128,Bird_6,10,10,1,BirdState.IDLE,10,10,birMover
128,Bird_7,10,10,1,BirdState.IDLE,10,10,birMover
128,Bird_8,10,10,1,BirdState.IDLE,10,10,birMover
129,Bird_1,10,10,1,BirdState.IDLE,10,10,birMover
129,Bird_2,10,10,1,BirdState.IDLE,10,10,birMover
129,Bird_3,10,10,1,BirdState.IDLE,10,10,birMover
129,Bird_4,10,10,1,BirdState.IDLE,10,10,birMover
129,Bird_5,10,10,1,BirdState.IDLE,10,10,birMover
129,Bird_6,10,10,1,BirdState.IDLE,10,10,birMover
129,Bird_7,10,10,1,BirdState.IDLE,10,10,birMover
129,Bird_8,10,10,1,BirdState.IDLE,10,10,birMover
130,Bird_1,10,10,1,BirdState.IDLE,10,10,birMover
130,Bird_2,10,10,1,BirdState.IDLE,10,10,birMover
130,Bird_3,10,10,1,BirdState.IDLE,10,10,birMover
130,Bird_4,10,10,1,BirdState.IDLE,10,10,birMover
130,Bird_5,10,10,1,BirdState.IDLE,10,10,birMover
130,Bird_6,10,10,1,BirdState.IDLE,10,10,birMover
130,Bird_7,10,10,1,BirdState.IDLE,10,10,birMover
130,Bird_8,10,10,1,BirdState.IDLE,10,10,birMover
131,Bird_1,10,10,1,BirdState.IDLE,10,10,birMover
131,Bird_2,10,10,1,BirdState.IDLE,10,10,birMover
131,Bird_3,10,10,1,BirdState.IDLE,10,10,birMover
131,Bird_4,10,10,1,BirdState.IDLE,10,10,birMover
131,Bird_5,10,10,1,BirdState.IDLE,10,10,birMover
131,Bird_6,10,10,1,BirdState.IDLE,10,10,birMover
131,Bird_7,10,10,1,BirdState.IDLE,10,10,birMover
131,Bird_8,10,10,1,BirdState.IDLE,10,10,birMover
132,Bird_1,10,10,1,BirdState.IDLE,10,10,birMover
132,Bird_2,10,10,1,BirdState.IDLE,10,10,birMover
132,Bird_3,10,10,1,BirdState.IDLE,10,10,birMover
132,Bird_4,10,10,1,BirdState.IDLE,10,10,birMover
132,Bird_5,10,10,1,BirdState.IDLE,10,10,birMover
132,Bird_6,10,10,1,BirdState.IDLE,10,10,birMover
132,Bird_7,10,10,1,BirdState.IDLE,10,10,birMover
132,Bird_8,10,10,1,BirdState.IDLE,10,10,birMover
133,Bird_1,10,10,1,BirdState.IDLE,10,10,birMover
133,Bird_2,10,10,1,BirdState.IDLE,10,10,birMover
133,Bird_3,10,10,1,BirdState.IDLE,10,10,birMover
133,Bird_4,10,10,1,BirdState.IDLE,10,10,birMover
133,Bird_5,10,10,1,BirdState.IDLE,10,10,birMover
133,Bird_6,10,10,1,BirdState.IDLE,10,10,birMover
133,Bird_7,10,10,1,BirdState.IDLE,10,10,birMover
133,Bird_8,10,10,1,BirdState.IDLE,10,10,birMover
134,Bird_1,10,10,1,BirdState.IDLE,10,10,birMover
134,Bird_2,10,10,1,BirdState.IDLE,10,10,birMover
134,Bird_3,10,10,1,BirdState.IDLE,10,10,birMover
134,Bird_4,10,10,1,BirdState.IDLE,10,10,birMover
134,Bird_5,10,10,1,BirdState.IDLE,10,10,birMover
134,Bird_6,10,10,1,BirdState.IDLE,10,10,birMover
134,Bird_7,10,10,1,BirdState.IDLE,10,10,birMover
134,Bird_8,10,10,1,BirdState.IDLE,10,10,birMover
135,Bird_1,10,10,1,BirdState.IDLE,10,10,birMover
135,Bird_2,10,10,1,BirdState.IDLE,10,10,birMover
135,Bird_3,10,10,1,BirdState.IDLE,10,10,birMover
135,Bird_4,10,10,1,BirdState.IDLE,10,10,birMover
135,Bird_5,10,10,1,BirdState.IDLE,10,10,birMover
135,Bird_6,10,10,1,BirdState.IDLE,10,10,birMover
135,Bird_7,10,10,1,BirdState.IDLE,10,10,birMover
135,Bird_8,10,10,1,BirdState.IDLE,10,10,birMover
136,Bird_1,10,10,1,BirdState.IDLE,10,10,birMover
136,Bird_2,10,10,1,BirdState.IDLE,10,10,birMover
136,Bird_3,10,10,1,BirdState.IDLE,10,10,birMover
136,Bird_4,10,10,1,BirdState.IDLE,10,10,birMover
136,Bird_5,10,10,1,BirdState.IDLE,10,10,birMover
136,Bird_6,10,10,1,BirdState.IDLE,10,10,birMover
136,Bird_7,10,10,1,BirdState.IDLE,10,10,birMover
136,Bird_8,10,10,1,BirdState.IDLE,10,10,birMover
137,Bird_1,10,10,1,BirdState.IDLE,10,10,birMover
137,Bird_2,10,10,1,BirdState.IDLE,10,10,birMover
137,Bird_3,10,10,1,BirdState.IDLE,10,10,birMover
137,Bird_4,10,10,1,BirdState.IDLE,10,10,birMover
137,Bird_5,10,10,1,BirdState.IDLE,10,10,birMover
137,Bird_6,10,10,1,BirdState.IDLE,10,10,birMover
137,Bird_7,10,10,1,BirdState.IDLE,10,10,birMover
137,Bird_8,10,10,1,BirdState.IDLE,10,10,birMover
138,Bird_1,10,10,1,BirdState.IDLE,10,10,birMover
138,Bird_2,10,10,1,BirdState.IDLE,10,10,birMover
138,Bird_3,10,10,1,BirdState.IDLE,10,10,birMover
138,Bird_4,10,10,1,BirdState.IDLE,10,10,birMover
138,Bird_5,10,10,1,BirdState.IDLE,10,10,birMover
138,Bird_6,10,10,1,BirdState.IDLE,10,10,birMover
138,Bird_7,10,10,1,BirdState.IDLE,10,10,birMover
138,Bird_8,10,10,1,BirdState.IDLE,10,10,birMover
139,Bird_1,10,10,1,BirdState.IDLE,10,10,birMover
139,Bird_2,10,10,1,BirdState.IDLE,10,10,birMover
139,Bird_3,10,10,1,BirdState.IDLE,10,10,birMover
139,Bird_4,10,10,1,BirdState.IDLE,10,10,birMover
139,Bird_5,10,10,1,BirdState.IDLE,10,10,birMover
139,Bird_6,10,10,1,BirdState.IDLE,10,10,birMover
139,Bird_7,10,10,1,BirdState.IDLE,10,10,birMover
139,Bird_8,10,10,1,BirdState.IDLE,10,10,birMover
140,Bird_1,10,10,1,BirdState.IDLE,10,10,birMover
140,Bird_2,10,10,1,BirdState.IDLE,10,10,birMover
140,Bird_3,10,10,1,BirdState.IDLE,10,10,birMover
140,Bird_4,10,10,1,BirdState.IDLE,10,10,birMover
140,Bird_5,10,10,1,BirdState.IDLE,10,10,birMover
140,Bird_6,10,10,1,BirdState.IDLE,10,10,birMover
140,Bird_7,10,10,1,BirdState.IDLE,10,10,birMover
140,Bird_8,10,10,1,BirdState.IDLE,10,10,birMover
141,Bird_1,10,10,1,BirdState.IDLE,10,10,birMover
141,Bird_2,10,10,1,BirdState.IDLE,10,10,birMover
141,Bird_3,10,10,1,BirdState.IDLE,10,10,birMover
141,Bird_4,10,10,1,BirdState.IDLE,10,10,birMover
141,Bird_5,10,10,1,BirdState.IDLE,10,10,birMover
141,Bird_6,10,10,1,BirdState.IDLE,10,10,birMover
141,Bird_7,10,10,1,BirdState.IDLE,10,10,birMover
141,Bird_8,10,10,1,BirdState.IDLE,10,10,birMover
142,Bird_1,10,10,1,BirdState.IDLE,10,10,birMover
142,Bird_2,10,10,1,BirdState.IDLE,10,10,birMover
142,Bird_3,10,10,1,BirdState.IDLE,10,10,birMover
142,Bird_4,10,10,1,BirdState.IDLE,10,10,birMover
142,Bird_5,10,10,1,BirdState.IDLE,10,10,birMover
142,Bird_6,10,10,1,BirdState.IDLE,10,10,birMover
142,Bird_7,10,10,1,BirdState.IDLE,10,10,birMover
142,Bird_8,10,10,1,BirdState.IDLE,10,10,birMover
143,Bird_1,10,10,1,BirdState.IDLE,10,10,birMover
143,Bird_2,10,10,1,BirdState.IDLE,10,10,birMover
143,Bird_3,10,10,1,BirdState.IDLE,10,10,birMover
143,Bird_4,10,10,1,BirdState.IDLE,10,10,birMover
143,Bird_5,10,10,1,BirdState.IDLE,10,10,birMover
143,Bird_6,10,10,1,BirdState.IDLE,10,10,birMover
143,Bird_7,10,10,1,BirdState.IDLE,10,10,birMover
143,Bird_8,10,10,1,BirdState.IDLE,10,10,birMover
144,Bird_1,10,10,1,BirdState.IDLE,10,10,birMover
144,Bird_2,10,10,1,BirdState.IDLE,10,10,birMover
144,Bird_3,10,10,1,BirdState.IDLE,10,10,birMover
144,Bird_4,10,10,1,BirdState.IDLE,10,10,birMover
144,Bird_5,10,10,1,BirdState.IDLE,10,10,birMover
144,Bird_6,10,10,1,BirdState.IDLE,10,10,birMover
144,Bird_7,10,10,1,BirdState.IDLE,10,10,birMover
144,Bird_8,10,10,1,BirdState.IDLE,10,10,birMover
145,Bird_1,10,10,1,BirdState.IDLE,10,10,birMover
145,Bird_2,10,10,1,BirdState.IDLE,10,10,birMover
145,Bird_3,10,10,1,BirdState.IDLE,10,10,birMover
145,Bird_4,10,10,1,BirdState.IDLE,10,10,birMover
145,Bird_5,10,10,1,BirdState.IDLE,10,10,birMover
145,Bird_6,10,10,1,BirdState.IDLE,10,10,birMover
145,Bird_7,10,10,1,BirdState.IDLE,10,10,birMover
145,Bird_8,10,10,1,BirdState.IDLE,10,10,birMover
146,Bird_1,10,10,1,BirdState.IDLE,10,10,birMover
146,Bird_2,10,10,1,BirdState.IDLE,10,10,birMover
146,Bird_3,10,10,1,BirdState.IDLE,10,10,birMover
146,Bird_4,10,10,1,BirdState.IDLE,10,10,birMover
146,Bird_5,10,10,1,BirdState.IDLE,10,10,birMover
146,Bird_6,10,10,1,BirdState.IDLE,10,10,birMover
146,Bird_7,10,10,1,BirdState.IDLE,10,10,birMover
146,Bird_8,10,10,1,BirdState.IDLE,10,10,birMover
147,Bird_1,10,10,1,BirdState.IDLE,10,10,birMover
147,Bird_2,10,10,1,BirdState.IDLE,10,10,birMover
147,Bird_3,10,10,1,BirdState.IDLE,10,10,birMover
147,Bird_4,10,10,1,BirdState.IDLE,10,10,birMover
147,Bird_5,10,10,1,BirdState.IDLE,10,10,birMover
147,Bird_6,10,10,1,BirdState.IDLE,10,10,birMover
147,Bird_7,10,10,1,BirdState.IDLE,10,10,birMover
147,Bird_8,10,10,1,BirdState.IDLE,10,10,birMover
148,Bird_1,10,10,1,BirdState.IDLE,10,10,birMover
148,Bird_2,10,10,1,BirdState.IDLE,10,10,birMover
148,Bird_3,10,10,1,BirdState.IDLE,10,10,birMover
148,Bird_4,10,10,1,BirdState.IDLE,10,10,birMover
148,Bird_5,10,10,1,BirdState.IDLE,10,10,birMover
148,Bird_6,10,10,1,BirdState.IDLE,10,10,birMover
148,Bird_7,10,10,1,BirdState.IDLE,10,10,birMover
148,Bird_8,10,10,1,BirdState.IDLE,10,10,birMover
149,Bird_1,10,10,1,BirdState.IDLE,10,10,birMover
149,Bird_2,10,10,1,BirdState.IDLE,10,10,birMover
149,Bird_3,10,10,1,BirdState.IDLE,10,10,birMover
149,Bird_4,10,10,1,BirdState.IDLE,10,10,birMover
149,Bird_5,10,10,1,BirdState.IDLE,10,10,birMover
149,Bird_6,10,10,1,BirdState.IDLE,10,10,birMover
149,Bird_7,10,10,1,BirdState.IDLE,10,10,birMover
149,Bird_8,10,10,1,BirdState.IDLE,10,10,birMover
150,Bird_1,10,10,1,BirdState.IDLE,10,10,birMover
150,Bird_2,10,10,1,BirdState.IDLE,10,10,birMover
150,Bird_3,10,10,1,BirdState.IDLE,10,10,birMover
150,Bird_4,10,10,1,BirdState.IDLE,10,10,birMover
150,Bird_5,10,10,1,BirdState.IDLE,10,10,birMover
150,Bird_6,10,10,1,BirdState.IDLE,10,10,birMover
150,Bird_7,10,10,1,BirdState.IDLE,10,10,birMover
150,Bird_8,10,10,1,BirdState.IDLE,10,10,birMover
151,Bird_1,10,10,1,BirdState.IDLE,10,10,birMover
151,Bird_2,10,10,1,BirdState.IDLE,10,10,birMover
151,Bird_3,10,10,1,BirdState.IDLE,10,10,birMover
151,Bird_4,10,10,1,BirdState.IDLE,10,10,birMover
151,Bird_5,10,10,1,BirdState.IDLE,10,10,birMover
151,Bird_6,10,10,1,BirdState.IDLE,10,10,birMover
151,Bird_7,10,10,1,BirdState.IDLE,10,10,birMover
151,Bird_8,10,10,1,BirdState.IDLE,10,10,birMover
152,Bird_1,10,10,1,BirdState.IDLE,10,10,birMover
152,Bird_2,10,10,1,BirdState.IDLE,10,10,birMover
152,Bird_3,10,10,1,BirdState.IDLE,10,10,birMover
152,Bird_4,10,10,1,BirdState.IDLE,10,10,birMover
152,Bird_5,10,10,1,BirdState.IDLE,10,10,birMover
152,Bird_6,10,10,1,BirdState.IDLE,10,10,birMover
152,Bird_7,10,10,1,BirdState.IDLE,10,10,birMover
152,Bird_8,10,10,1,BirdState.IDLE,10,10,birMover
153,Bird_1,10,10,1,BirdState.IDLE,10,10,birMover
153,Bird_2,10,10,1,BirdState.IDLE,10,10,birMover
153,Bird_3,10,10,1,BirdState.IDLE,10,10,birMover
153,Bird_4,10,10,1,BirdState.IDLE,10,10,birMover
153,Bird_5,10,10,1,BirdState.IDLE,10,10,birMover
153,Bird_6,10,10,1,BirdState.IDLE,10,10,birMover
153,Bird_7,10,10,1,BirdState.IDLE,10,10,birMover
153,Bird_8,10,10,1,BirdState.IDLE,10,10,birMover
154,Bird_1,10,10,1,BirdState.IDLE,10,10,birMover
154,Bird_2,10,10,1,BirdState.IDLE,10,10,birMover
154,Bird_3,10,10,1,BirdState.IDLE,10,10,birMover
154,Bird_4,10,10,1,BirdState.IDLE,10,10,birMover
154,Bird_5,10,10,1,BirdState.IDLE,10,10,birMover
154,Bird_6,10,10,1,BirdState.IDLE,10,10,birMover
154,Bird_7,10,10,1,BirdState.IDLE,10,10,birMover
154,Bird_8,10,10,1,BirdState.IDLE,10,10,birMover
155,Bird_1,10,10,1,BirdState.IDLE,10,10,birMover
155,Bird_2,10,10,1,BirdState.IDLE,10,10,birMover
155,Bird_3,10,10,1,BirdState.IDLE,10,10,birMover
155,Bird_4,10,10,1,BirdState.IDLE,10,10,birMover
155,Bird_5,10,10,1,BirdState.IDLE,10,10,birMover
155,Bird_6,10,10,1,BirdState.IDLE,10,10,birMover
155,Bird_7,10,10,1,BirdState.IDLE,10,10,birMover
155,Bird_8,10,10,1,BirdState.IDLE,10,10,birMover
156,Bird_1,10,10,1,BirdState.IDLE,10,10,birMover
156,Bird_2,10,10,1,BirdState.IDLE,10,10,birMover
156,Bird_3,10,10,1,BirdState.IDLE,10,10,birMover
156,Bird_4,10,10,1,BirdState.IDLE,10,10,birMover
156,Bird_5,10,10,1,BirdState.IDLE,10,10,birMover
156,Bird_6,10,10,1,BirdState.IDLE,10,10,birMover
156,Bird_7,10,10,1,BirdState.IDLE,10,10,birMover
156,Bird_8,10,10,1,BirdState.IDLE,10,10,birMover
157,Bird_1,10,10,1,BirdState.IDLE,10,10,birMover
157,Bird_2,10,10,1,BirdState.IDLE,10,10,birMover
157,Bird_3,10,10,1,BirdState.IDLE,10,10,birMover
157,Bird_4,10,10,1,BirdState.IDLE,10,10,birMover
157,Bird_5,10,10,1,BirdState.IDLE,10,10,birMover
157,Bird_6,10,10,1,BirdState.IDLE,10,10,birMover
157,Bird_7,10,10,1,BirdState.IDLE,10,10,birMover
157,Bird_8,10,10,1,BirdState.IDLE,10,10,birMover
158,Bird_1,10,10,1,BirdState.IDLE,10,10,birMover
158,Bird_2,10,10,1,BirdState.IDLE,10,10,birMover
158,Bird_3,10,10,1,BirdState.IDLE,10,10,birMover
158,Bird_4,10,10,1,BirdState.IDLE,10,10,birMover
158,Bird_5,10,10,1,BirdState.IDLE,10,10,birMover
158,Bird_6,10,10,1,BirdState.IDLE,10,10,birMover
158,Bird_7,10,10,1,BirdState.IDLE,10,10,birMover
158,Bird_8,10,10,1,BirdState.IDLE,10,10,birMover
159,Bird_1,10,10,1,BirdState.IDLE,10,10,birMover
159,Bird_2,10,10,1,BirdState.IDLE,10,10,birMover
159,Bird_3,10,10,1,BirdState.IDLE,10,10,birMover
159,Bird_4,10,10,1,BirdState.IDLE,10,10,birMover
159,Bird_5,10,10,1,BirdState.IDLE,10,10,birMover
159,Bird_6,10,10,1,BirdState.IDLE,10,10,birMover
159,Bird_7,10,10,1,BirdState.IDLE,10,10,birMover
159,Bird_8,10,10,1,BirdState.IDLE,10,10,birMover
160,Bird_1,10,10,1,BirdState.IDLE,10,10,birMover
160,Bird_2,10,10,1,BirdState.IDLE,10,10,birMover
160,Bird_3,10,10,1,BirdState.IDLE,10,10,birMover
160,Bird_4,10,10,1,BirdState.IDLE,10,10,birMover
160,Bird_5,10,10,1,BirdState.IDLE,10,10,birMover
160,Bird_6,10,10,1,BirdState.IDLE,10,10,birMover
160,Bird_7,10,10,1,BirdState.IDLE,10,10,birMover
160,Bird_8,10,10,1,BirdState.IDLE,10,10,birMover
161,Bird_1,10,10,1,BirdState.IDLE,10,10,birMover
161,Bird_2,10,10,1,BirdState.IDLE,10,10,birMover
161,Bird_3,10,10,1,BirdState.IDLE,10,10,birMover
161,Bird_4,10,10,1,BirdState.IDLE,10,10,birMover
161,Bird_5,10,10,1,BirdState.IDLE,10,10,birMover
161,Bird_6,10,10,1,BirdState.IDLE,10,10,birMover
161,Bird_7,10,10,1,BirdState.IDLE,10,10,birMover
161,Bird_8,10,10,1,BirdState.IDLE,10,10,birMover
162,Bird_1,10,10,1,BirdState.IDLE,10,10,birMover
162,Bird_2,10,10,1,BirdState.IDLE,10,10,birMover
162,Bird_3,10,10,1,BirdState.IDLE,10,10,birMover
162,Bird_4,10,10,1,BirdState.IDLE,10,10,birMover
162,Bird_5,10,10,1,BirdState.IDLE,10,10,birMover
162,Bird_6,10,10,1,BirdState.IDLE,10,10,birMover
162,Bird_7,10,10,1,BirdState.IDLE,10,10,birMover
162,Bird_8,10,10,1,BirdState.IDLE,10,10,birMover
163,Bird_1,10,10,1,BirdState.IDLE,10,10,birMover
163,Bird_2,10,10,1,BirdState.IDLE,10,10,birMover
163,Bird_3,10,10,1,BirdState.IDLE,10,10,birMover
163,Bird_4,10,10,1,BirdState.IDLE,10,10,birMover
163,Bird_5,10,10,1,BirdState.IDLE,10,10,birMover
163,Bird_6,10,10,1,BirdState.IDLE,10,10,birMover
163,Bird_7,10,10,1,BirdState.IDLE,10,10,birMover
163,Bird_8,10,10,1,BirdState.IDLE,10,10,birMover
164,Bird_1,10,10,1,BirdState.IDLE,10,10,birMover
164,Bird_2,10,10,1,BirdState.IDLE,10,10,birMover
164,Bird_3,10,10,1,BirdState.IDLE,10,10,birMover
164,Bird_4,10,10,1,BirdState.IDLE,10,10,birMover
164,Bird_5,10,10,1,BirdState.IDLE,10,10,birMover
164,Bird_6,10,10,1,BirdState.IDLE,10,10,birMover
164,Bird_7,10,10,1,BirdState.IDLE,10,10,birMover
164,Bird_8,10,10,1,BirdState.IDLE,10,10,birMover
165,Bird_1,10,10,1,BirdState.IDLE,10,10,birMover
165,Bird_2,10,10,1,BirdState.IDLE,10,10,birMover
165,Bird_3,10,10,1,BirdState.IDLE,10,10,birMover
165,Bird_4,10,10,1,BirdState.IDLE,10,10,birMover
165,Bird_5,10,10,1,BirdState.IDLE,10,10,birMover
165,Bird_6,10,10,1,BirdState.IDLE,10,10,birMover
165,Bird_7,10,10,1,BirdState.IDLE,10,10,birMover
165,Bird_8,10,10,1,BirdState.IDLE,10,10,birMover
166,Bird_1,10,10,1,BirdState.IDLE,10,10,birMover
166,Bird_2,10,10,1,BirdState.IDLE,10,10,birMover
166,Bird_3,10,10,1,BirdState.IDLE,10,10,birMover
166,Bird_4,10,10,1,BirdState.IDLE,10,10,birMover
166,Bird_5,10,10,1,BirdState.IDLE,10,10,birMover
166,Bird_6,10,10,1,BirdState.IDLE,10,10,birMover
166,Bird_7,10,10,1,BirdState.IDLE,10,10,birMover
166,Bird_8,10,10,1,BirdState.IDLE,10,10,birMover
167,Bird_1,10,10,1,BirdState.IDLE,10,10,birMover
167,Bird_2,10,10,1,BirdState.IDLE,10,10,birMover
167,Bird_3,10,10,1,BirdState.IDLE,10,10,birMover
167,Bird_4,10,10,1,BirdState.IDLE,10,10,birMover
167,Bird_5,10,10,1,BirdState.IDLE,10,10,birMover
167,Bird_6,10,10,1,BirdState.IDLE,10,10,birMover
167,Bird_7,10,10,1,BirdState.IDLE,10,10,birMover
167,Bird_8,10,10,1,BirdState.IDLE,10,10,birMover
168,Bird_1,10,10,1,BirdState.IDLE,10,10,birMover
168,Bird_2,10,10,1,BirdState.IDLE,10,10,birMover
168,Bird_3,10,10,1,BirdState.IDLE,10,10,birMover
168,Bird_4,10,10,1,BirdState.IDLE,10,10,birMover
168,Bird_5,10,10,1,BirdState.IDLE,10,10,birMover
168,Bird_6,10,10,1,BirdState.IDLE,10,10,birMover
168,Bird_7,10,10,1,BirdState.IDLE,10,10,birMover
168,Bird_8,10,10,1,BirdState.IDLE,10,10,birMover
169,Bird_1,10,10,1,BirdState.IDLE,10,10,birMover
169,Bird_2,10,10,1,BirdState.IDLE,10,10,birMover
169,Bird_3,10,10,1,BirdState.IDLE,10,10,birMover
169,Bird_4,10,10,1,BirdState.IDLE,10,10,birMover
169,Bird_5,10,10,1,BirdState.IDLE,10,10,birMover
169,Bird_6,10,10,1,BirdState.IDLE,10,10,birMover
169,Bird_7,10,10,1,BirdState.IDLE,10,10,birMover
169,Bird_8,10,10,1,BirdState.IDLE,10,10,birMover
170,Bird_1,10,10,1,BirdState.IDLE,10,10,birMover
170,Bird_2,10,10,1,BirdState.IDLE,10,10,birMover
170,Bird_3,10,10,1,BirdState.IDLE,10,10,birMover
170,Bird_4,10,10,1,BirdState.IDLE,10,10,birMover
170,Bird_5,10,10,1,BirdState.IDLE,10,10,birMover
170,Bird_6,10,10,1,BirdState.IDLE,10,10,birMover
170,Bird_7,10,10,1,BirdState.IDLE,10,10,birMover
170,Bird_8,10,10,1,BirdState.IDLE,10,10,birMover
171,Bird_1,10,10,1,BirdState.IDLE,10,10,birMover
171,Bird_2,10,10,1,BirdState.IDLE,10,10,birMover
171,Bird_3,10,10,1,BirdState.IDLE,10,10,birMover
171,Bird_4,10,10,1,BirdState.IDLE,10,10,birMover
171,Bird_5,10,10,1,BirdState.IDLE,10,10,birMover
171,Bird_6,10,10,1,BirdState.IDLE,10,10,birMover
171,Bird_7,10,10,1,BirdState.IDLE,10,10,birMover
171,Bird_8,10,10,1,BirdState.IDLE,10,10,birMover
172,Bird_1,10,10,1,BirdState.IDLE,10,10,birMover
172,Bird_2,10,10,1,BirdState.IDLE,10,10,birMover
172,Bird_3,10,10,1,BirdState.IDLE,10,10,birMover
172,Bird_4,10,10,1,BirdState.IDLE,10,10,birMover
172,Bird_5,10,10,1,BirdState.IDLE,10,10,birMover
172,Bird_6,10,10,1,BirdState.IDLE,10,10,birMover
172,Bird_7,10,10,1,BirdState.IDLE,10,10,birMover
172,Bird_8,10,10,1,BirdState.IDLE,10,10,birMover
173,Bird_1,10,10,1,BirdState.IDLE,10,10,birMover
173,Bird_2,10,10,1,BirdState.IDLE,10,10,birMover
173,Bird_3,10,10,1,BirdState.IDLE,10,10,birMover
173,Bird_4,10,10,1,BirdState.IDLE,10,10,birMover
173,Bird_5,10,10,1,BirdState.IDLE,10,10,birMover
173,Bird_6,10,10,1,BirdState.IDLE,10,10,birMover
173,Bird_7,10,10,1,BirdState.IDLE,10,10,birMover
173,Bird_8,10,10,1,BirdState.IDLE,10,10,birMover
174,Bird_1,10,10,1,BirdState.IDLE,10,10,birMover
174,Bird_2,10,10,1,BirdState.IDLE,10,10,birMover
174,Bird_3,10,10,1,BirdState.IDLE,10,10,birMover
174,Bird_4,10,10,1,BirdState.IDLE,10,10,birMover
174,Bird_5,10,10,1,BirdState.IDLE,10,10,birMover
174,Bird_6,10,10,1,BirdState.IDLE,10,10,birMover
174,Bird_7,10,10,1,BirdState.IDLE,10,10,birMover
174,Bird_8,10,10,1,BirdState.IDLE,10,10,birMover
175,Bird_1,10,10,1,BirdState.IDLE,10,10,birMover
175,Bird_2,10,10,1,BirdState.IDLE,10,10,birMover
175,Bird_3,10,10,1,BirdState.IDLE,10,10,birMover
175,Bird_4,10,10,1,BirdState.IDLE,10,10,birMover
175,Bird_5,10,10,1,BirdState.IDLE,10,10,birMover
175,Bird_6,10,10,1,BirdState.IDLE,10,10,birMover
175,Bird_7,10,10,1,BirdState.IDLE,10,10,birMover
175,Bird_8,10,10,1,BirdState.IDLE,10,10,birMover
176,Bird_1,10,10,1,BirdState.IDLE,10,10,birMover
176,Bird_2,10,10,1,BirdState.IDLE,10,10,birMover
176,Bird_3,10,10,1,BirdState.IDLE,10,10,birMover
176,Bird_4,10,10,1,BirdState.IDLE,10,10,birMover
176,Bird_5,10,10,1,BirdState.IDLE,10,10,birMover
176,Bird_6,10,10,1,BirdState.IDLE,10,10,birMover
176,Bird_7,10,10,1,BirdState.IDLE,10,10,birMover
176,Bird_8,10,10,1,BirdState.IDLE,10,10,birMover
177,Bird_1,10,10,1,BirdState.IDLE,10,10,birMover
177,Bird_2,10,10,1,BirdState.IDLE,10,10,birMover
177,Bird_3,10,10,1,BirdState.IDLE,10,10,birMover
177,Bird_4,10,10,1,BirdState.IDLE,10,10,birMover
177,Bird_5,10,10,1,BirdState.IDLE,10,10,birMover
177,Bird_6,10,10,1,BirdState.IDLE,10,10,birMover
177,Bird_7,10,10,1,BirdState.IDLE,10,10,birMover
177,Bird_8,10,10,1,BirdState.IDLE,10,10,birMover
178,Bird_1,10,10,1,BirdState.IDLE,10,10,birMover
178,Bird_2,10,10,1,BirdState.IDLE,10,10,birMover
178,Bird_3,10,10,1,BirdState.IDLE,10,10,birMover
178,Bird_4,10,10,1,BirdState.IDLE,10,10,birMover
178,Bird_5,10,10,1,BirdState.IDLE,10,10,birMover
178,Bird_6,10,10,1,BirdState.IDLE,10,10,birMover
178,Bird_7,10,10,1,BirdState.IDLE,10,10,birMover
178,Bird_8,10,10,1,BirdState.IDLE,10,10,birMover
179,Bird_1,10,10,1,BirdState.IDLE,10,10,birMover
179,Bird_2,10,10,1,BirdState.IDLE,10,10,birMover
179,Bird_3,10,10,1,BirdState.IDLE,10,10,birMover
179,Bird_4,10,10,1,BirdState.IDLE,10,10,birMover
179,Bird_5,10,10,1,BirdState.IDLE,10,10,birMover
179,Bird_6,10,10,1,BirdState.IDLE,10,10,birMover
179,Bird_7,10,10,1,BirdState.IDLE,10,10,birMover
179,Bird_8,10,10,1,BirdState.IDLE,10,10,birMover
180,Bird_1,10,10,1,BirdState.IDLE,10,10,birMover
180,Bird_2,10,10,1,BirdState.IDLE,10,10,birMover
180,Bird_3,10,10,1,BirdState.IDLE,10,10,birMover
180,Bird_4,10,10,1,BirdState.IDLE,10,10,birMover
180,Bird_5,10,10,1,BirdState.IDLE,10,10,birMover
180,Bird_6,10,10,1,BirdState.IDLE,10,10,birMover
180,Bird_7,10,10,1,BirdState.IDLE,10,10,birMover
180,Bird_8,10,10,1,BirdState.IDLE,10,10,birMover
181,Bird_1,10,10,1,BirdState.IDLE,10,10,birMover
181,Bird_2,10,10,1,BirdState.IDLE,10,10,birMover
181,Bird_3,10,10,1,BirdState.IDLE,10,10,birMover
181,Bird_4,10,10,1,BirdState.IDLE,10,10,birMover
181,Bird_5,10,10,1,BirdState.IDLE,10,10,birMover
181,Bird_6,10,10,1,BirdState.IDLE,10,10,birMover
181,Bird_7,10,10,1,BirdState.IDLE,10,10,birMover
181,Bird_8,10,10,1,BirdState.IDLE,10,10,birMover
182,Bird_1,10,10,1,BirdState.IDLE,10,10,birMover
182,Bird_2,10,10,1,BirdState.IDLE,10,10,birMover
182,Bird_3,10,10,1,BirdState.IDLE,10,10,birMover
182,Bird_4,10,10,1,BirdState.IDLE,10,10,birMover
182,Bird_5,10,10,1,BirdState.IDLE,10,10,birMover
182,Bird_6,10,10,1,BirdState.IDLE,10,10,birMover
182,Bird_7,10,10,1,BirdState.IDLE,10,10,birMover
182,Bird_8,10,10,1,BirdState.IDLE,10,10,birMover
183,Bird_1,10,10,1,BirdState.IDLE,10,10,birMover
183,Bird_2,10,10,1,BirdState.IDLE,10,10,birMover
183,Bird_3,10,10,1,BirdState.IDLE,10,10,birMover
183,Bird_4,10,10,1,BirdState.IDLE,10,10,birMover
183,Bird_5,10,10,1,BirdState.IDLE,10,10,birMover
183,Bird_6,10,10,1,BirdState.IDLE,10,10,birMover
183,Bird_7,10,10,1,BirdState.IDLE,10,10,birMover
183,Bird_8,10,10,1,BirdState.IDLE,10,10,birMover
184,Bird_1,10,10,1,BirdState.IDLE,10,10,birMover
184,Bird_2,10,10,1,BirdState.IDLE,10,10,birMover
184,Bird_3,10,10,1,BirdState.IDLE,10,10,birMover
184,Bird_4,10,10,1,BirdState.IDLE,10,10,birMover
184,Bird_5,10,10,1,BirdState.IDLE,10,10,birMover
184,Bird_6,10,10,1,BirdState.IDLE,10,10,birMover
184,Bird_7,10,10,1,BirdState.IDLE,10,10,birMover
184,Bird_8,10,10,1,BirdState.IDLE,10,10,birMover
185,Bird_1,10,10,1,BirdState.IDLE,10,10,birMover
185,Bird_2,10,10,1,BirdState.IDLE,10,10,birMover
185,Bird_3,10,10,1,BirdState.IDLE,10,10,birMover
185,Bird_4,10,10,1,BirdState.IDLE,10,10,birMover
185,Bird_5,10,10,1,BirdState.IDLE,10,10,birMover
185,Bird_6,10,10,1,BirdState.IDLE,10,10,birMover
185,Bird_7,10,10,1,BirdState.IDLE,10,10,birMover
185,Bird_8,10,10,1,BirdState.IDLE,10,10,birMover
186,Bird_1,10,10,1,BirdState.IDLE,10,10,birMover
186,Bird_2,10,10,1,BirdState.IDLE,10,10,birMover
186,Bird_3,10,10,1,BirdState.IDLE,10,10,birMover
186,Bird_4,10,10,1,BirdState.IDLE,10,10,birMover
186,Bird_5,10,10,1,BirdState.IDLE,10,10,birMover
186,Bird_6,10,10,1,BirdState.IDLE,10,10,birMover
186,Bird_7,10,10,1,BirdState.IDLE,10,10,birMover
186,Bird_8,10,10,1,BirdState.IDLE,10,10,birMover
187,Bird_1,10,10,1,BirdState.IDLE,10,10,birMover
187,Bird_2,10,10,1,BirdState.IDLE,10,10,birMover
187,Bird_3,10,10,1,BirdState.IDLE,10,10,birMover
187,Bird_4,10,10,1,BirdState.IDLE,10,10,birMover
187,Bird_5,10,10,1,BirdState.IDLE,10,10,birMover
187,Bird_6,10,10,1,BirdState.IDLE,10,10,birMover
187,Bird_7,10,10,1,BirdState.IDLE,10,10,birMover
187,Bird_8,10,10,1,BirdState.IDLE,10,10,birMover
188,Bird_1,10,10,1,BirdState.IDLE,10,10,birMover
188,Bird_2,10,10,1,BirdState.IDLE,10,10,birMover
188,Bird_3,10,10,1,BirdState.IDLE,10,10,birMover
188,Bird_4,10,10,1,BirdState.IDLE,10,10,birMover
188,Bird_5,10,10,1,BirdState.IDLE,10,10,birMover
188,Bird_6,10,10,1,BirdState.IDLE,10,10,birMover
188,Bird_7,10,10,1,BirdState.IDLE,10,10,birMover
188,Bird_8,10,10,1,BirdState.IDLE,10,10,birMover
189,Bird_1,10,10,1,BirdState.IDLE,10,10,birMover
189,Bird_2,10,10,1,BirdState.IDLE,10,10,birMover
189,Bird_3,10,10,1,BirdState.IDLE,10,10,birMover
189,Bird_4,10,10,1,BirdState.IDLE,10,10,birMover
189,Bird_5,10,10,1,BirdState.IDLE,10,10,birMover
189,Bird_6,10,10,1,BirdState.IDLE,10,10,birMover
189,Bird_7,10,10,1,BirdState.IDLE,10,10,birMover
189,Bird_8,10,10,1,BirdState.IDLE,10,10,birMover
190,Bird_1,10,10,1,BirdState.IDLE,10,10,birMover
190,Bird_2,10,10,1,BirdState.IDLE,10,10,birMover
190,Bird_3,10,10,1,BirdState.IDLE,10,10,birMover
190,Bird_4,10,10,1,BirdState.IDLE,10,10,birMover
190,Bird_5,10,10,1,BirdState.IDLE,10,10,birMover
190,Bird_6,10,10,1,BirdState.IDLE,10,10,birMover
190,Bird_7,10,10,1,BirdState.IDLE,10,10,birMover
190,Bird_8,10,10,1,BirdState.IDLE,10,10,birMover
191,Bird_1,10,10,1,BirdState.IDLE,10,10,birMover
191,Bird_2,10,10,1,BirdState.IDLE,10,10,birMover
191,Bird_3,10,10,1,BirdState.IDLE,10,10,birMover
191,Bird_4,10,10,1,BirdState.IDLE,10,10,birMover
191,Bird_5,10,10,1,BirdState.IDLE,10,10,birMover
191,Bird_6,10,10,1,BirdState.IDLE,10,10,birMover
191,Bird_7,10,10,1,BirdState.IDLE,10,10,birMover
191,Bird_8,10,10,1,BirdState.IDLE,10,10,birMover
192,Bird_1,10,10,1,BirdState.IDLE,10,10,birMover
192,Bird_2,10,10,1,BirdState.IDLE,10,10,birMover
192,Bird_3,10,10,1,BirdState.IDLE,10,10,birMover
192,Bird_4,10,10,1,BirdState.IDLE,10,10,birMover
192,Bird_5,10,10,1,BirdState.IDLE,10,10,birMover
192,Bird_6,10,10,1,BirdState.IDLE,10,10,birMover
192,Bird_7,10,10,1,BirdState.IDLE,10,10,birMover
192,Bird_8,10,10,1,BirdState.IDLE,10,10,birMover
193,Bird_1,10,10,1,BirdState.IDLE,10,10,birMover
193,Bird_2,10,10,1,BirdState.IDLE,10,10,birMover
193,Bird_3,10,10,1,BirdState.IDLE,10,10,birMover
193,Bird_4,10,10,1,BirdState.IDLE,10,10,birMover
193,Bird_5,10,10,1,BirdState.IDLE,10,10,birMover
193,Bird_6,10,10,1,BirdState.IDLE,10,10,birMover
193,Bird_7,10,10,1,BirdState.IDLE,10,10,birMover
193,Bird_8,10,10,1,BirdState.IDLE,10,10,birMover
194,Bird_1,10,10,1,BirdState.IDLE,10,10,birMover
194,Bird_2,10,10,1,BirdState.IDLE,10,10,birMover
194,Bird_3,10,10,1,BirdState.IDLE,10,10,birMover
194,Bird_4,10,10,1,BirdState.IDLE,10,10,birMover
194,Bird_5,10,10,1,BirdState.IDLE,10,10,birMover
194,Bird_6,10,10,1,BirdState.IDLE,10,10,birMover
194,Bird_7,10,10,1,BirdState.IDLE,10,10,birMover
194,Bird_8,10,10,1,BirdState.IDLE,10,10,birMover
195,Bird_1,10,10,1,BirdState.IDLE,10,10,birMover
195,Bird_2,10,10,1,BirdState.IDLE,10,10,birMover
195,Bird_3,10,10,1,BirdState.IDLE,10,10,birMover
195,Bird_4,10,10,1,BirdState.IDLE,10,10,birMover
195,Bird_5,10,10,1,BirdState.IDLE,10,10,birMover
195,Bird_6,10,10,1,BirdState.IDLE,10,10,birMover
195,Bird_7,10,10,1,BirdState.IDLE,10,10,birMover
195,Bird_8,10,10,1,BirdState.IDLE,10,10,birMover
196,Bird_1,10,10,1,BirdState.IDLE,10,10,birMover
196,Bird_2,10,10,1,BirdState.IDLE,10,10,birMover
196,Bird_3,10,10,1,BirdState.IDLE,10,10,birMover
196,Bird_4,10,10,1,BirdState.IDLE,10,10,birMover
196,Bird_5,10,10,1,BirdState.IDLE,10,10,birMover
196,Bird_6,10,10,1,BirdState.IDLE,10,10,birMover
196,Bird_7,10,10,1,BirdState.IDLE,10,10,birMover
196,Bird_8,10,10,1,BirdState.IDLE,10,10,birMover
197,Bird_1,10,10,1,BirdState.IDLE,10,10,birMover
197,Bird_2,10,10,1,BirdState.IDLE,10,10,birMover
197,Bird_3,10,10,1,BirdState.IDLE,10,10,birMover
197,Bird_4,10,10,1,BirdState.IDLE,10,10,birMover
197,Bird_5,10,10,1,BirdState.IDLE,10,10,birMover
197,Bird_6,10,10,1,BirdState.IDLE,10,10,birMover
197,Bird_7,10,10,1,BirdState.IDLE,10,10,birMover
197,Bird_8,10,10,1,BirdState.IDLE,10,10,birMover
198,Bird_1,10,10,1,BirdState.IDLE,10,10,birMover
198,Bird_2,10,10,1,BirdState.IDLE,10,10,birMover
198,Bird_3,10,10,1,BirdState.IDLE,10,10,birMover
198,Bird_4,10,10,1,BirdState.IDLE,10,10,birMover
198,Bird_5,10,10,1,BirdState.IDLE,10,10,birMover
198,Bird_6,10,10,1,BirdState.IDLE,10,10,birMover
198,Bird_7,10,10,1,BirdState.IDLE,10,10,birMover
198,Bird_8,10,10,1,BirdState.IDLE,10,10,birMover
199,Bird_1,10,10,1,BirdState.IDLE,10,10,birMover
199,Bird_2,10,10,1,BirdState.IDLE,10,10,birMover
199,Bird_3,10,10,1,BirdState.IDLE,10,10,birMover
199,Bird_4,10,10,1,BirdState.IDLE,10,10,birMover
199,Bird_5,10,10,1,BirdState.IDLE,10,10,birMover
199,Bird_6,10,10,1,BirdState.IDLE,10,10,birMover
199,Bird_7,10,10,1,BirdState.IDLE,10,10,birMover
199,Bird_8,10,10,1,BirdState.IDLE,10,10,birMover
